Workbook

Sheet Info
A1: NVIDIA Network Equipment
A2: Snapshot | B2: 2026-10-23
A3: Schema | B3: v10
A4: Timezone | B4: Europe/Warsaw
A5: Source | B5: data/nvidia-interconnects.json

Sheet All products
A1: Section | B1: Model | C1: Variant | D1: Family | E1: Status | F1: Legacy OPN | G1: NVIDIA OPN | H1: Speed | I1: Form factor | J1: Interfaces | K1: Medium | L1: Reach | M1: Fabric | N1: Description | O1: Link | P1: Search text | Q1: Match #
A2: Transceivers | B2: MMS4B10-XM | C2: RHS/TRO | E2: active | F2: — | G2: 980-9IAJ0-00XM00 | H2: 1600G | I2: OSFP-flattop | J2: 2x 800Gb/s MPO-12/APC | K2: SM | L2: max 500 m | M2: ETH | N2: MMS4B10-XM TRO 1600Gbps OSFP Twin-Port 2xDR4, 2xMPO (APC) 1310nm SMF Transceiver (up to 500m) | O2: https://networking-docs.nvidia.com/mms4b10xmtro1600g | P2: Transceivers MMS4B10-XM RHS/TRO active — 980-9IAJ0-00XM00 1600G OSFP-flattop 2x 800Gb/s MPO-12/APC SM max 500 m ETH MMS4B10-XM TRO 1600Gbps OSFP Twin-Port 2xDR4, 2xMPO (APC) 1310nm SMF Transceiver (up to 500m) | Q2: =IF(AND(Search!$B$2<>"",ISNUMBER(SEARCH(Search!$B$2,P2))),MAX(Q$1:Q1)+1,"")
A3: Transceivers | B3: MMS4B10-XM | C3: IHS/TRO | E3: active | F3: — | G3: 980-9IAJ0-00XM01 | H3: 1600G | I3: OSFP-finned | J3: 2x 800Gb/s MPO-12/APC | K3: SM | L3: max 500 m | M3: ETH | N3: MMS4B10-XM TRO 1600Gbps OSFP Twin-Port 2xDR4, 2xMPO (APC) 1310nm SMF Transceiver (up to 500m) | O3: https://networking-docs.nvidia.com/mms4b10xmtro1600g | P3: Transceivers MMS4B10-XM IHS/TRO active — 980-9IAJ0-00XM01 1600G OSFP-finned 2x 800Gb/s MPO-12/APC SM max 500 m ETH MMS4B10-XM TRO 1600Gbps OSFP Twin-Port 2xDR4, 2xMPO (APC) 1310nm SMF Transceiver (up to 500m) | Q3: =IF(AND(Search!$B$2<>"",ISNUMBER(SEARCH(Search!$B$2,P3))),MAX(Q$1:Q2)+1,"")
A4: Transceivers | B4: MMS4C10 | C4: RHS/FRO Gen2 (XDR) | E4: active | F4: — | G4: 980-9IAU0-00XM00 | H4: 1600G | I4: OSFP-flattop | J4: 2x 800Gb/s MPO-12/APC | K4: SM | L4: max 500 m | M4: IB | N4: NVIDIA MMS4C1X FRO 1600Gbps, 2xDR4, Twin-port OSFP, 2xMPO (APC), 1310nm Single Mode Transceiver (up to 500m) | O4: https://networking-docs.nvidia.com/9iau000xmosfptcvr1600 | P4: Transceivers MMS4C10 RHS/FRO Gen2 (XDR) active — 980-9IAU0-00XM00 1600G OSFP-flattop 2x 800Gb/s MPO-12/APC SM max 500 m IB NVIDIA MMS4C1X FRO 1600Gbps, 2xDR4, Twin-port OSFP, 2xMPO (APC), 1310nm Single Mode Transceiver (up to 500m) | Q4: =IF(AND(Search!$B$2<>"",ISNUMBER(SEARCH(Search!$B$2,P4))),MAX(Q$1:Q3)+1,"")
A5: Transceivers | B5: MMS4C10 | C5: IHS/FRO Gen2 (XDR) | E5: active | F5: — | G5: 980-9IAU0-00XM01 | H5: 1600G | I5: OSFP-finned | J5: 2x 800Gb/s MPO-12/APC | K5: SM | L5: max 500 m | M5: IB | N5: NVIDIA MMS4C1X FRO 1600Gbps, 2xDR4, Twin-port OSFP, 2xMPO (APC), 1310nm Single Mode Transceiver (up to 500m) | O5: https://networking-docs.nvidia.com/9iau000xmosfptcvr1600 | P5: Transceivers MMS4C10 IHS/FRO Gen2 (XDR) active — 980-9IAU0-00XM01 1600G OSFP-finned 2x 800Gb/s MPO-12/APC SM max 500 m IB NVIDIA MMS4C1X FRO 1600Gbps, 2xDR4, Twin-port OSFP, 2xMPO (APC), 1310nm Single Mode Transceiver (up to 500m) | Q5: =IF(AND(Search!$B$2<>"",ISNUMBER(SEARCH(Search!$B$2,P5))),MAX(Q$1:Q4)+1,"")
A6: Transceivers | B6: MMS4C11 | C6: RHS/FRO Gen2 (Ethernet) | E6: active | F6: — | G6: 980-9IAU1-00XM00 | H6: 1600G | I6: OSFP-flattop | J6: 2x 800Gb/s MPO-12/APC | K6: SM | L6: max 500 m | M6: ETH | N6: NVIDIA MMS4C1X FRO 1600Gbps, 2xDR4, Twin-port OSFP, 2xMPO (APC), 1310nm Single Mode Transceiver (up to 500m) | O6: https://networking-docs.nvidia.com/9iau000xmosfptcvr1600 | P6: Transceivers MMS4C11 RHS/FRO Gen2 (Ethernet) active — 980-9IAU1-00XM00 1600G OSFP-flattop 2x 800Gb/s MPO-12/APC SM max 500 m ETH NVIDIA MMS4C1X FRO 1600Gbps, 2xDR4, Twin-port OSFP, 2xMPO (APC), 1310nm Single Mode Transceiver (up to 500m) | Q6: =IF(AND(Search!$B$2<>"",ISNUMBER(SEARCH(Search!$B$2,P6))),MAX(Q$1:Q5)+1,"")
A7: Transceivers | B7: MMS4C11 | C7: IHS/FRO Gen2 (Ethernet) | E7: active | F7: — | G7: 980-9IAU1-00XM01 | H7: 1600G | I7: OSFP-finned | J7: 2x 800Gb/s MPO-12/APC | K7: SM | L7: max 500 m | M7: ETH | N7: NVIDIA MMS4C1X FRO 1600Gbps, 2xDR4, Twin-port OSFP, 2xMPO (APC), 1310nm Single Mode Transceiver (up to 500m) | O7: https://networking-docs.nvidia.com/9iau000xmosfptcvr1600 | P7: Transceivers MMS4C11 IHS/FRO Gen2 (Ethernet) active — 980-9IAU1-00XM01 1600G OSFP-finned 2x 800Gb/s MPO-12/APC SM max 500 m ETH NVIDIA MMS4C1X FRO 1600Gbps, 2xDR4, Twin-port OSFP, 2xMPO (APC), 1310nm Single Mode Transceiver (up to 500m) | Q7: =IF(AND(Search!$B$2<>"",ISNUMBER(SEARCH(Search!$B$2,P7))),MAX(Q$1:Q6)+1,"")
A8: Transceivers | B8: MMS4A00 | C8: IHS | E8: active | F8: MMS4A00 | G8: 980-9IAH1-00XM00 | H8: 1600G | I8: OSFP-finned | J8: 2x 800Gb/s MPO-12/APC | K8: SM | L8: max 500 m | M8: IB | N8: NVIDIA MMS4A00 1600Gbps, 2xDR4, Twin-port OSFP, 2xMPO, 1310nm Single Mode Transceiver (up to 500m) | O8: https://networking-docs.nvidia.com/9iahx00xmosfptcvr1600 | P8: Transceivers MMS4A00 IHS active MMS4A00 980-9IAH1-00XM00 1600G OSFP-finned 2x 800Gb/s MPO-12/APC SM max 500 m IB NVIDIA MMS4A00 1600Gbps, 2xDR4, Twin-port OSFP, 2xMPO, 1310nm Single Mode Transceiver (up to 500m) | Q8: =IF(AND(Search!$B$2<>"",ISNUMBER(SEARCH(Search!$B$2,P8))),MAX(Q$1:Q7)+1,"")
A9: Transceivers | B9: MMS4A00 | C9: RHS | E9: planned | F9: — | G9: 980-9IAH0-00XM00 | H9: 1600G | I9: OSFP-flattop | J9: 2x 800Gb/s MPO-12/APC | K9: SM | L9: max 500 m | M9: IB | N9: NVIDIA MMS4A00 1600Gbps, 2xDR4, Twin-port OSFP, 2xMPO, 1310nm Single Mode Transceiver (up to 500m) | O9: https://networking-docs.nvidia.com/9iahx00xmosfptcvr1600 | P9: Transceivers MMS4A00 RHS planned — 980-9IAH0-00XM00 1600G OSFP-flattop 2x 800Gb/s MPO-12/APC SM max 500 m IB NVIDIA MMS4A00 1600Gbps, 2xDR4, Twin-port OSFP, 2xMPO, 1310nm Single Mode Transceiver (up to 500m) | Q9: =IF(AND(Search!$B$2<>"",ISNUMBER(SEARCH(Search!$B$2,P9))),MAX(Q$1:Q8)+1,"")
A10: Transceivers | B10: MMS4A50 | C10: RHS | E10: active | F10: — | G10: 980-9IAS1-00XM00 | H10: 1600G | I10: OSFP-flattop | J10: 2x 800Gb/s Dual LC Duplex | K10: SM | L10: max 2000 m | M10: IB/ETH | N10: NVIDIA MMS4A50 1600Gbps, OSFP, 2xLC-LC, 1310nm SMF, 2xFR4 Twin-port Transceiver (up to 2km) | O10: https://networking-docs.nvidia.com/mms4a501600gosfp | P10: Transceivers MMS4A50 RHS active — 980-9IAS1-00XM00 1600G OSFP-flattop 2x 800Gb/s Dual LC Duplex SM max 2000 m IB/ETH NVIDIA MMS4A50 1600Gbps, OSFP, 2xLC-LC, 1310nm SMF, 2xFR4 Twin-port Transceiver (up to 2km) | Q10: =IF(AND(Search!$B$2<>"",ISNUMBER(SEARCH(Search!$B$2,P10))),MAX(Q$1:Q9)+1,"")
A11: Transceivers | B11: MMS4A50 | C11: IHS | E11: active | F11: — | G11: 980-9IAS0-00XM00 | H11: 1600G | I11: OSFP-finned | J11: 2x 800Gb/s Dual LC Duplex | K11: SM | L11: max 2000 m | M11: IB/ETH | N11: NVIDIA MMS4A50 1600Gbps, OSFP, 2xLC-LC, 1310nm SMF, 2xFR4 Twin-port Transceiver (up to 2km) | O11: https://networking-docs.nvidia.com/mms4a501600gosfp | P11: Transceivers MMS4A50 IHS active — 980-9IAS0-00XM00 1600G OSFP-finned 2x 800Gb/s Dual LC Duplex SM max 2000 m IB/ETH NVIDIA MMS4A50 1600Gbps, OSFP, 2xLC-LC, 1310nm SMF, 2xFR4 Twin-port Transceiver (up to 2km) | Q11: =IF(AND(Search!$B$2<>"",ISNUMBER(SEARCH(Search!$B$2,P11))),MAX(Q$1:Q10)+1,"")
A12: Transceivers | B12: MMA1Z00-NS400 | C12: — | E12: active | F12: MMA1Z00-NS400 | G12: 980-9I693-00NS00 | H12: 400G | I12: QSFP112 | J12: 1x 400Gb/s MPO-12/APC | K12: MM | L12: OM3 30 m, OM4 50 m, max 50 m | M12: IB/ETH | N12: MMA1Z00-NS400 400Gb/s, Single-port, QSFP112 Multimode SR4 Transceivers Product Specifications | O12: https://networking-docs.nvidia.com/mms1z00ns400sr4 | P12: Transceivers MMA1Z00-NS400 — active MMA1Z00-NS400 980-9I693-00NS00 400G QSFP112 1x 400Gb/s MPO-12/APC MM OM3 30 m, OM4 50 m, max 50 m IB/ETH MMA1Z00-NS400 400Gb/s, Single-port, QSFP112 Multimode SR4 Transceivers Product Specifications | Q12: =IF(AND(Search!$B$2<>"",ISNUMBER(SEARCH(Search!$B$2,P12))),MAX(Q$1:Q11)+1,"")
A13: Transceivers | B13: MMS1V00-WM | C13: — | E13: active | F13: MMS1V00-WM | G13: 980-9I16Y-00W000 | H13: 400G | I13: QSFP-DD | J13: 1x 400Gb/s MPO-12/APC | K13: SM | L13: max 500 m | M13: ETH | N13: MMS1V00-WM 400GbE QSFP-DD DR4 Transceiver Product Specifications | O13: https://networking-docs.nvidia.com/mms1v00wm10 | P13: Transceivers MMS1V00-WM — active MMS1V00-WM 980-9I16Y-00W000 400G QSFP-DD 1x 400Gb/s MPO-12/APC SM max 500 m ETH MMS1V00-WM 400GbE QSFP-DD DR4 Transceiver Product Specifications | Q13: =IF(AND(Search!$B$2<>"",ISNUMBER(SEARCH(Search!$B$2,P13))),MAX(Q$1:Q12)+1,"")
... A49: Copper / DAC / ACC | B49: MCP1600-E0xxEyy | C49: — | E49: active | F49: — | G49: MCP1600-E00AE30, MCP1600-E001E30, MCP1600-E01AE30, MCP1600-E002E30, MCP1600-E02AE26, MCP1600-E003E26, MCP1600-E004E26, MCP1600-E005E26 | H49: 100G | I49: QSFP28 | J49: 1x 100Gb/s QSFP28 to QSFP28 | K49: Copper | L49: max 5 m | M49: IB | N49: MCP1600-E0xxEyy 100Gb/s QSFP28 DAC Cable Product Specifications | O49: https://networking-docs.nvidia.com/mcp1600e0xxxeyyspec | P49: Copper / DAC / ACC MCP1600-E0xxEyy — active — MCP1600-E00AE30, MCP1600-E001E30, MCP1600-E01AE30, MCP1600-E002E30, MCP1600-E02AE26, MCP1600-E003E26, MCP1600-E004E26, MCP1600-E005E26 100G QSFP28 1x 100Gb/s QSFP28 to QSFP28 Copper max 5 m IB MCP1600-E0xxEyy 100Gb/s QSFP28 DAC Cable Product Specifications | Q49: =IF(AND(Search!$B$2<>"",ISNUMBER(SEARCH(Search!$B$2,P49))),MAX(Q$1:Q48)+1,"")
A50: Other active LinkX products | B50: MMS4C1X | D50: Transceiver | E50: active | F50: — | G50: 980-9IAU0-00XM00, 980-9IAU0-00XM01, 980-9IAU1-00XM00, 980-9IAU1-00XM01 | H50: 1600G | N50: NVIDIA MMS4C1X FRO 1600Gbps, 2xDR4, Twin-port OSFP, 2xMPO (APC), 1310nm Single Mode Transceiver (up to 500m) | O50: https://networking-docs.nvidia.com/9iau000xmosfptcvr1600 | P50: Other active LinkX products MMS4C1X Transceiver active — 980-9IAU0-00XM00, 980-9IAU0-00XM01, 980-9IAU1-00XM00, 980-9IAU1-00XM01 1600G NVIDIA MMS4C1X FRO 1600Gbps, 2xDR4, Twin-port OSFP, 2xMPO (APC), 1310nm Single Mode Transceiver (up to 500m) | Q50: =IF(AND(Search!$B$2<>"",ISNUMBER(SEARCH(Search!$B$2,P50))),MAX(Q$1:Q49)+1,"")
A51: Other active LinkX products | B51: MAM1Q00A-QSA | D51: Adapter | E51: active | F51: — | G51: — | H51: Accessories | N51: MAM1Q00A-QSA NVIDIA DynamiX QSA™, QSFP+ to SFP+ Adapter Product Specifications | O51: https://networking-docs.nvidia.com/mam1q00aqsadnmx | P51: Other active LinkX products MAM1Q00A-QSA Adapter active — — Accessories MAM1Q00A-QSA NVIDIA DynamiX QSA™, QSFP+ to SFP+ Adapter Product Specifications | Q51: =IF(AND(Search!$B$2<>"",ISNUMBER(SEARCH(Search!$B$2,P51))),MAX(Q$1:Q50)+1,"")
A52: Other active LinkX products | B52: MAM1Q00A-QSA28 | D52: Adapter | E52: active | F52: — | G52: — | H52: Accessories | N52: MAM1Q00A-QSA28 NVIDIA DynamiX QSA™ QSA28, QSFP28 to SFP28 Adapter Product Specifications | O52: https://networking-docs.nvidia.com/mam1q00aqsa28dnmx | P52: Other active LinkX products MAM1Q00A-QSA28 Adapter active — — Accessories MAM1Q00A-QSA28 NVIDIA DynamiX QSA™ QSA28, QSFP28 to SFP28 Adapter Product Specifications | Q52: =IF(AND(Search!$B$2<>"",ISNUMBER(SEARCH(Search!$B$2,P52))),MAX(Q$1:Q51)+1,"")
A53: Other active LinkX products | B53: MFP7E10-Nxxx | D53: Fiber | E53: active | F53: — | G53: — | H53: Accessories | N53: MFP7E10-Nxxx Optical Multimode Fiber Cable Product Specifications | O53: https://networking-docs.nvidia.com/mfp7e10nxxx | P53: Other active LinkX products MFP7E10-Nxxx Fiber active — — Accessories MFP7E10-Nxxx Optical Multimode Fiber Cable Product Specifications | Q53: =IF(AND(Search!$B$2<>"",ISNUMBER(SEARCH(Search!$B$2,P53))),MAX(Q$1:Q52)+1,"")
A54: Other active LinkX products | B54: MFP7E20-Nxxx | D54: Fiber | E54: active | F54: — | G54: — | H54: Accessories | N54: MFP7E20-Nxxx Optical Multimode Splitter Fiber Cable Product Specifications | O54: https://networking-docs.nvidia.com/mfp7e20nxxx | P54: Other active LinkX products MFP7E20-Nxxx Fiber active — — Accessories MFP7E20-Nxxx Optical Multimode Splitter Fiber Cable Product Specifications | Q54: =IF(AND(Search!$B$2<>"",ISNUMBER(SEARCH(Search!$B$2,P54))),MAX(Q$1:Q53)+1,"")
A55: Other active LinkX products | B55: MFP7E30-Nxxx | D55: Fiber | E55: active | F55: — | G55: — | H55: Accessories | N55: MFP7E30-Nxxx MPO-to-MPO Single-mode Fiber Cable Product Specifications | O55: https://networking-docs.nvidia.com/mfp7e30nxxxpub | P55: Other active LinkX products MFP7E30-Nxxx Fiber active — — Accessories MFP7E30-Nxxx MPO-to-MPO Single-mode Fiber Cable Product Specifications | Q55: =IF(AND(Search!$B$2<>"",ISNUMBER(SEARCH(Search!$B$2,P55))),MAX(Q$1:Q54)+1,"")
A56: Other active LinkX products | B56: MFP7E40-Nxxx | D56: Fiber | E56: active | F56: MFP7E40-N003 / MFP7E40-N005 / MFP7E40-N007 / MFP7E40-N010 / MFP7E40-N015 / MFP7E40-N020 / MFP7E40-N030 / MFP7E40-N050 | G56: 980-9I58K-00N003, 980-9I58L-00N005, 980-9I58M-00N007, 980-9I58N-00N010, 980-9I56O-00N015, 980-9I56P-00N020, 980-9I56Q-00N030, 980-9I56R-000050 | H56: Accessories | N56: MFP7E40-Nxxx Single mode 1:2 Fiber Splitter Cable Product Specifications | O56: https://networking-docs.nvidia.com/mfp7e40nxxxpub | P56: Other active LinkX products MFP7E40-Nxxx Fiber active MFP7E40-N003 / MFP7E40-N005 / MFP7E40-N007 / MFP7E40-N010 / MFP7E40-N015 / MFP7E40-N020 / MFP7E40-N030 / MFP7E40-N050 980-9I58K-00N003, 980-9I58L-00N005, 980-9I58M-00N007, 980-9I58N-00N010, 980-9I56O-00N015, 980-9I56P-00N020, 980-9I56Q-00N030, 980-9I56R-000050 Accessories MFP7E40-Nxxx Single mode 1:2 Fiber Splitter Cable Product Specifications | Q56: =IF(AND(Search!$B$2<>"",ISNUMBER(SEARCH(Search!$B$2,P56))),MAX(Q$1:Q55)+1,"")
A57: Ethernet switching | B57: SN6810-LD | D57: Spectrum-6 SN6000 | E57: documented | F57: — | G57: — | H57: 800GbE | J57: 128x MMC-12 800GbE fixed | N57: Spectrum-6 SN6000 2U 800GbE Ethernet switch: 128x MMC-12 (co-packaged optics) | O57: https://networking-docs.nvidia.com/sn6000hw | P57: Ethernet switching SN6810-LD Spectrum-6 SN6000 documented — — 800GbE 128x MMC-12 800GbE fixed Spectrum-6 SN6000 2U 800GbE Ethernet switch: 128x MMC-12 (co-packaged optics) | Q57: =IF(AND(Search!$B$2<>"",ISNUMBER(SEARCH(Search!$B$2,P57))),MAX(Q$1:Q56)+1,"")
A58: Ethernet switching | B58: SN6800-LD | D58: Spectrum-6 SN6000 | E58: documented | F58: — | G58: — | H58: 200GbE | J58: 512x MMC-12 200GbE fixed | N58: Spectrum-6 SN6000 5U 200GbE Ethernet switch: 512x MMC-12 (co-packaged optics) | O58: https://networking-docs.nvidia.com/sn6000hw | P58: Ethernet switching SN6800-LD Spectrum-6 SN6000 documented — — 200GbE 512x MMC-12 200GbE fixed Spectrum-6 SN6000 5U 200GbE Ethernet switch: 512x MMC-12 (co-packaged optics) | Q58: =IF(AND(Search!$B$2<>"",ISNUMBER(SEARCH(Search!$B$2,P58))),MAX(Q$1:Q57)+1,"")
A59: Ethernet switching | B59: SN6600-LD | D59: Spectrum-6 SN6000 | E59: documented | F59: — | G59: — | H59: 800GbE | J59: 64x OSFP 2x800 Gb/s | N59: Spectrum-6 SN6000 2U 800GbE Ethernet switch: 64x OSFP 2x800 Gb/s | O59: https://networking-docs.nvidia.com/sn6000hw | P59: Ethernet switching SN6600-LD Spectrum-6 SN6000 documented — — 800GbE 64x OSFP 2x800 Gb/s Spectrum-6 SN6000 2U 800GbE Ethernet switch: 64x OSFP 2x800 Gb/s | Q59: =IF(AND(Search!$B$2<>"",ISNUMBER(SEARCH(Search!$B$2,P59))),MAX(Q$1:Q58)+1,"")
A60: Ethernet switching | B60: SN6600 | D60: Spectrum-6 SN6000 | E60: documented | F60: — | G60: — | H60: 800GbE | J60: 64x OSFP 2x800 Gb/s | N60: Spectrum-6 SN6000 3U 800GbE Ethernet switch: 64x OSFP 2x800 Gb/s | O60: https://networking-docs.nvidia.com/sn6000hw | P60: Ethernet switching SN6600 Spectrum-6 SN6000 documented — — 800GbE 64x OSFP 2x800 Gb/s Spectrum-6 SN6000 3U 800GbE Ethernet switch: 64x OSFP 2x800 Gb/s | Q60: =IF(AND(Search!$B$2<>"",ISNUMBER(SEARCH(Search!$B$2,P60))),MAX(Q$1:Q59)+1,"")
A61: Ethernet switching | B61: SN6200-LD | D61: Spectrum-6 SN6000 | E61: documented | F61: — | G61: — | H61: 200GbE | J61: 32x OSFP 2x800GbE front; 256x backplane 200G | N61: Spectrum-6 SN6000 1U 200GbE Ethernet switch: 32x OSFP 2x800GbE front + 256x200G backplane | O61: https://networking-docs.nvidia.com/sn6000hw | P61: Ethernet switching SN6200-LD Spectrum-6 SN6000 documented — — 200GbE 32x OSFP 2x800GbE front; 256x backplane 200G Spectrum-6 SN6000 1U 200GbE Ethernet switch: 32x OSFP 2x800GbE front + 256x200G backplane | Q61: =IF(AND(Search!$B$2<>"",ISNUMBER(SEARCH(Search!$B$2,P61))),MAX(Q$1:Q60)+1,"")
A62: Ethernet switching | B62: SN5610 | D62: Spectrum-4 SN5000 | E62: documented | F62: — | G62: 920-9N42F-00RI-3C1 | H62: 800GbE | J62: 64x OSFP 800GbE; 2x SFP28 25GbE | N62: Spectrum-4 SN5000 2U 800GbE Ethernet switch: 64x OSFP 800GbE + 2x SFP28 25GbE | O62: https://networking-docs.nvidia.com/sn5000hw | P62: Ethernet switching SN5610 Spectrum-4 SN5000 documented — 920-9N42F-00RI-3C1 800GbE 64x OSFP 800GbE; 2x SFP28 25GbE Spectrum-4 SN5000 2U 800GbE Ethernet switch: 64x OSFP 800GbE + 2x SFP28 25GbE | Q62: =IF(AND(Search!$B$2<>"",ISNUMBER(SEARCH(Search!$B$2,P62))),MAX(Q$1:Q61)+1,"")
A63: Ethernet switching | B63: SN5600 | D63: Spectrum-4 SN5000 | E63: end_of_life | F63: — | G63: 920-9N42F-00RI-7C0 | H63: 800GbE | J63: 64x OSFP 800GbE; 1x SFP28 25GbE | N63: Spectrum-4 SN5000 2U 800GbE Ethernet switch: 64x OSFP 800GbE + 1x SFP28 25GbE | O63: https://networking-docs.nvidia.com/sn5000hw | P63: Ethernet switching SN5600 Spectrum-4 SN5000 end_of_life — 920-9N42F-00RI-7C0 800GbE 64x OSFP 800GbE; 1x SFP28 25GbE Spectrum-4 SN5000 2U 800GbE Ethernet switch: 64x OSFP 800GbE + 1x SFP28 25GbE | Q63: =IF(AND(Search!$B$2<>"",ISNUMBER(SEARCH(Search!$B$2,P63))),MAX(Q$1:Q62)+1,"")
A64: Ethernet switching | B64: SN5600D | D64: Spectrum-4 SN5000 | E64: documented | F64: — | G64: 920-9N42F-00RI-KC0 | H64: 800GbE | J64: 64x OSFP 800GbE; 1x SFP28 25GbE | N64: Spectrum-4 SN5000 2U 800GbE Ethernet switch: 64x OSFP 800GbE + 1x SFP28 25GbE | O64: https://networking-docs.nvidia.com/sn5000hw | P64: Ethernet switching SN5600D Spectrum-4 SN5000 documented — 920-9N42F-00RI-KC0 800GbE 64x OSFP 800GbE; 1x SFP28 25GbE Spectrum-4 SN5000 2U 800GbE Ethernet switch: 64x OSFP 800GbE + 1x SFP28 25GbE | Q64: =IF(AND(Search!$B$2<>"",ISNUMBER(SEARCH(Search!$B$2,P64))),MAX(Q$1:Q63)+1,"")
A65: Ethernet switching | B65: SN5400 | D65: Spectrum-4 SN5000 | E65: documented | F65: — | G65: 920-9N42C-00RB-7C0, 920-9N42C-00FB-7C0 | H65: 400GbE | J65: 64x QSFP-DD 400GbE; 2x SFP28 25GbE | N65: Spectrum-4 SN5000 2U 400GbE Ethernet switch: 64x QSFP-DD 400GbE + 2x SFP28 25GbE | O65: https://networking-docs.nvidia.com/sn5000hw | P65: Ethernet switching SN5400 Spectrum-4 SN5000 documented — 920-9N42C-00RB-7C0, 920-9N42C-00FB-7C0 400GbE 64x QSFP-DD 400GbE; 2x SFP28 25GbE Spectrum-4 SN5000 2U 400GbE Ethernet switch: 64x QSFP-DD 400GbE + 2x SFP28 25GbE | Q65: =IF(AND(Search!$B$2<>"",ISNUMBER(SEARCH(Search!$B$2,P65))),MAX(Q$1:Q64)+1,"")
A66: Ethernet switching | B66: SN4600C | D66: Spectrum-3 SN4000 | E66: documented | F66: MSN4600-CS2FC / MSN4600-CS2RC | G66: 920-9N302-00F7-0C2, 920-9N302-00R7-0C0 | H66: 100GbE | J66: 64x QSFP28 100GbE | N66: Spectrum-3 SN4000 2U 100GbE Ethernet switch: 64x QSFP28 100GbE | O66: https://networking-docs.nvidia.com/sn4000hw | P66: Ethernet switching SN4600C Spectrum-3 SN4000 documented MSN4600-CS2FC / MSN4600-CS2RC 920-9N302-00F7-0C2, 920-9N302-00R7-0C0 100GbE 64x QSFP28 100GbE Spectrum-3 SN4000 2U 100GbE Ethernet switch: 64x QSFP28 100GbE | Q66: =IF(AND(Search!$B$2<>"",ISNUMBER(SEARCH(Search!$B$2,P66))),MAX(Q$1:Q65)+1,"")
A67: Ethernet switching | B67: SN4700 | D67: Spectrum-3 SN4000 | E67: documented | F67: MSN4700-WS2FC / MSN4700-WS2RC | G67: 920-9N301-00FB-0C0, 920-9N301-00RB-0C0 | H67: 400GbE | J67: 32x QSFP-DD 400GbE | N67: Spectrum-3 SN4000 1U 400GbE Ethernet switch: 32x QSFP-DD 400GbE | O67: https://networking-docs.nvidia.com/sn4000hw | P67: Ethernet switching SN4700 Spectrum-3 SN4000 documented MSN4700-WS2FC / MSN4700-WS2RC 920-9N301-00FB-0C0, 920-9N301-00RB-0C0 400GbE 32x QSFP-DD 400GbE Spectrum-3 SN4000 1U 400GbE Ethernet switch: 32x QSFP-DD 400GbE | Q67: =IF(AND(Search!$B$2<>"",ISNUMBER(SEARCH(Search!$B$2,P67))),MAX(Q$1:Q66)+1,"")
A68: Ethernet switching | B68: SN3420 | D68: Spectrum-2 SN3000 | E68: documented | F68: MSN3420-CB2FC / MSN3420-CB2RC | G68: 920-9N213-00F7-0C0, 920-9N213-00R7-0C0 | H68: 100GbE | J68: 12x QSFP28 100GbE; 48x SFP28 25GbE | N68: Spectrum-2 SN3000 1U 100GbE Ethernet switch: 12x QSFP28 100GbE + 48x SFP28 25GbE | O68: https://networking-docs.nvidia.com/sn3000hw | P68: Ethernet switching SN3420 Spectrum-2 SN3000 documented MSN3420-CB2FC / MSN3420-CB2RC 920-9N213-00F7-0C0, 920-9N213-00R7-0C0 100GbE 12x QSFP28 100GbE; 48x SFP28 25GbE Spectrum-2 SN3000 1U 100GbE Ethernet switch: 12x QSFP28 100GbE + 48x SFP28 25GbE | Q68: =IF(AND(Search!$B$2<>"",ISNUMBER(SEARCH(Search!$B$2,P68))),MAX(Q$1:Q67)+1,"")
... A90: SuperNIC | B90: BlueField-3 SuperNIC | D90: — | E90: documented | F90: — | G90: 900-9D3B4-00CC-EA0, 900-9D3B4-00CV-EA0, 900-9D3B4-00EN-EA0, 900-9D3B4-00PN-EA0, 900-9D3B4-00SC-EA0, 900-9D3B4-00SV-EA0, 900-9D3D4-00EN-HA0, 900-9D3D4-00NN-HA0 | H90: up to 400 Gb/s | J90: QSFP112 up to 400 Gb/s; QSFP56 up to 400 Gb/s; QSFP28 up to 400 Gb/s | N90: BlueField-3 SuperNIC, up to 400 Gb/s: Spectrum-X Ethernet, secure cloud multi-tenancy, deterministic isolated performance | O90: https://networking-docs.nvidia.com/bf3dpu | P90: SuperNIC BlueField-3 SuperNIC — documented — 900-9D3B4-00CC-EA0, 900-9D3B4-00CV-EA0, 900-9D3B4-00EN-EA0, 900-9D3B4-00PN-EA0, 900-9D3B4-00SC-EA0, 900-9D3B4-00SV-EA0, 900-9D3D4-00EN-HA0, 900-9D3D4-00NN-HA0 up to 400 Gb/s QSFP112 up to 400 Gb/s; QSFP56 up to 400 Gb/s; QSFP28 up to 400 Gb/s BlueField-3 SuperNIC, up to 400 Gb/s: Spectrum-X Ethernet, secure cloud multi-tenancy, deterministic isolated performance | Q90: =IF(AND(Search!$B$2<>"",ISNUMBER(SEARCH(Search!$B$2,P90))),MAX(Q$1:Q89)+1,"")
A91: Network adapters | B91: C9180 | D91: ConnectX-9 | E91: MP | F91: — | G91: 900-9X91E-00EB-ST0, 900-9X91E-00EB-DT0, 900-9X91E-00QB-ST0 | H91: 800GbE / XDR 800Gb/s | I91: single-cage OSFP | J91: 1x OSFP 800GbE / XDR 800Gb/s (C9180) | O91: https://networking-docs.nvidia.com/connectx9hw | P91: Network adapters C9180 ConnectX-9 MP — 900-9X91E-00EB-ST0, 900-9X91E-00EB-DT0, 900-9X91E-00QB-ST0 800GbE / XDR 800Gb/s single-cage OSFP 1x OSFP 800GbE / XDR 800Gb/s (C9180) | Q91: =IF(AND(Search!$B$2<>"",ISNUMBER(SEARCH(Search!$B$2,P91))),MAX(Q$1:Q90)+1,"")
A92: Network adapters | B92: C9240 | D92: ConnectX-9 | E92: MP | F92: — | G92: 900-9X91Q-00CN-ST0, 900-9X91Q-00RN-ST0 | H92: 2x400GbE / 400Gb/s IB | I92: dual QSFP112 | J92: 2x QSFP112 2x400GbE / 400Gb/s IB (C9240) | O92: https://networking-docs.nvidia.com/connectx9hw | P92: Network adapters C9240 ConnectX-9 MP — 900-9X91Q-00CN-ST0, 900-9X91Q-00RN-ST0 2x400GbE / 400Gb/s IB dual QSFP112 2x QSFP112 2x400GbE / 400Gb/s IB (C9240) | Q92: =IF(AND(Search!$B$2<>"",ISNUMBER(SEARCH(Search!$B$2,P92))),MAX(Q$1:Q91)+1,"")
A93: Network adapters | B93: C8180 | D93: ConnectX-8 | E93: MP | F93: — | G93: 900-9X81E-00EX-ST0, 900-9X81E-00EX-DT0 | H93: XDR 800Gb/s / 2x400GbE | I93: single-cage OSFP | J93: 1x OSFP XDR 800Gb/s / 2x400GbE (C8180) | O93: https://networking-docs.nvidia.com/connectx8hw | P93: Network adapters C8180 ConnectX-8 MP — 900-9X81E-00EX-ST0, 900-9X81E-00EX-DT0 XDR 800Gb/s / 2x400GbE single-cage OSFP 1x OSFP XDR 800Gb/s / 2x400GbE (C8180) | Q93: =IF(AND(Search!$B$2<>"",ISNUMBER(SEARCH(Search!$B$2,P93))),MAX(Q$1:Q92)+1,"")
A94: Network adapters | B94: C8240 | D94: ConnectX-8 | E94: active | F94: — | G94: 900-9X81Q-00CN-ST0 | H94: 400GbE / 400Gb/s IB | I94: dual QSFP112 | J94: 2x QSFP112 400GbE / 400Gb/s IB (C8240) | O94: https://networking-docs.nvidia.com/connectx8hw | P94: Network adapters C8240 ConnectX-8 active — 900-9X81Q-00CN-ST0 400GbE / 400Gb/s IB dual QSFP112 2x QSFP112 400GbE / 400Gb/s IB (C8240) | Q94: =IF(AND(Search!$B$2<>"",ISNUMBER(SEARCH(Search!$B$2,P94))),MAX(Q$1:Q93)+1,"")
A95: Network adapters | B95: C8220 | D95: ConnectX-8 | E95: prototype | F95: — | G95: 900-9X81Q-00CV-ST0 | H95: up to 400Gb/s aggregate | I95: dual QSFP112 | J95: 2x QSFP112 up to 400Gb/s aggregate (C8220) | O95: https://networking-docs.nvidia.com/connectx8hw | P95: Network adapters C8220 ConnectX-8 prototype — 900-9X81Q-00CV-ST0 up to 400Gb/s aggregate dual QSFP112 2x QSFP112 up to 400Gb/s aggregate (C8220) | Q95: =IF(AND(Search!$B$2<>"",ISNUMBER(SEARCH(Search!$B$2,P95))),MAX(Q$1:Q94)+1,"")
A96: Network adapters | B96: ConnectX-7 | D96: ConnectX-7 | E96: documented | F96: MCX713104AC-ADAT, MCX713104AS-ADAT, MCX713105AS-WEAT, MCX713106AC-CEAT, MCX713106AC-VEAT, MCX713106AS-CEAT, MCX713106AS-VEAT, MCX713114GC-GEAT, MCX713114TC-GEAT, MCX715105AS-WEAT, MCX75310AAC-NEAT, MCX75310AAS-HEAT, MCX75310AAS-NEAT, MCX755106AC-HEAT, MCX755106AS-HEAT, MCX75510AAS-HEAT, MCX75510AAS-NEAT | G96: 900-9X721-003N-DT0, 900-9X721-003N-DT1, 900-9X766-003N-SQ0, 900-9X766-003N-SR0, 900-9X766-003N-ST0, 900-9X7AH-0039-ST1, 900-9X7AH-0039-STZ, 900-9X7AH-004N-CT0, 900-9X7AH-004N-GT0, 900-9X7AH-0076-ST0, 900-9X7AH-0078-DTZ, 900-9X7AH-0078-ST0, 900-9X7AH-0079-DTZ, 900-9X7AH-0086-SQ0, 900-9X7AH-0088-ST0, 900-9X7AO-0003-ST0, 900-9X7AO-00C3-STZ | H96: up to 400Gb/s IB/Ethernet | I96: OSFP / QSFP112 by SKU | J96: OSFP up to 400Gb/s IB/Ethernet (ConnectX-7); QSFP112 up to 400Gb/s IB/Ethernet (ConnectX-7) | O96: https://networking-docs.nvidia.com/connectx7hw | P96: Network adapters ConnectX-7 ConnectX-7 documented MCX713104AC-ADAT, MCX713104AS-ADAT, MCX713105AS-WEAT, MCX713106AC-CEAT, MCX713106AC-VEAT, MCX713106AS-CEAT, MCX713106AS-VEAT, MCX713114GC-GEAT, MCX713114TC-GEAT, MCX715105AS-WEAT, MCX75310AAC-NEAT, MCX75310AAS-HEAT, MCX75310AAS-NEAT, MCX755106AC-HEAT, MCX755106AS-HEAT, MCX75510AAS-HEAT, MCX75510AAS-NEAT 900-9X721-003N-DT0, 900-9X721-003N-DT1, 900-9X766-003N-SQ0, 900-9X766-003N-SR0, 900-9X766-003N-ST0, 900-9X7AH-0039-ST1, 900-9X7AH-0039-STZ, 900-9X7AH-004N-CT0, 900-9X7AH-004N-GT0, 900-9X7AH-0076-ST0, 900-9X7AH-0078-DTZ, 900-9X7AH-0078-ST0, 900-9X7AH-0079-DTZ, 900-9X7AH-0086-SQ0, 900-9X7AH-0088-ST0, 900-9X7AO-0003-ST0, 900-9X7AO-00C3-STZ up to 400Gb/s IB/Ethernet OSFP / QSFP112 by SKU OSFP up to 400Gb/s IB/Ethernet (ConnectX-7); QSFP112 up to 400Gb/s IB/Ethernet (ConnectX-7) | Q96: =IF(AND(Search!$B$2<>"",ISNUMBER(SEARCH(Search!$B$2,P96))),MAX(Q$1:Q95)+1,"")
A97: Network adapters | B97: ConnectX-6 | D97: ConnectX-6 | E97: documented | F97: — | G97: — | H97: up to 200Gb/s IB/Ethernet | I97: QSFP56 / QSFP28 by SKU | J97: QSFP56 up to 200Gb/s IB/Ethernet (ConnectX-6); QSFP28 up to 200Gb/s IB/Ethernet (ConnectX-6) | O97: https://networking-docs.nvidia.com/adapters | P97: Network adapters ConnectX-6 ConnectX-6 documented — — up to 200Gb/s IB/Ethernet QSFP56 / QSFP28 by SKU QSFP56 up to 200Gb/s IB/Ethernet (ConnectX-6); QSFP28 up to 200Gb/s IB/Ethernet (ConnectX-6) | Q97: =IF(AND(Search!$B$2<>"",ISNUMBER(SEARCH(Search!$B$2,P97))),MAX(Q$1:Q96)+1,"")
A98: Network adapters | B98: ConnectX-6 Dx | D98: ConnectX-6 Dx | E98: documented | F98: — | G98: — | H98: up to 200GbE | I98: QSFP56 / QSFP28 / SFP56 by SKU | J98: QSFP56 up to 200GbE (ConnectX-6 Dx); QSFP28 up to 200GbE (ConnectX-6 Dx); SFP56 up to 200GbE (ConnectX-6 Dx) | O98: https://networking-docs.nvidia.com/adapters | P98: Network adapters ConnectX-6 Dx ConnectX-6 Dx documented — — up to 200GbE QSFP56 / QSFP28 / SFP56 by SKU QSFP56 up to 200GbE (ConnectX-6 Dx); QSFP28 up to 200GbE (ConnectX-6 Dx); SFP56 up to 200GbE (ConnectX-6 Dx) | Q98: =IF(AND(Search!$B$2<>"",ISNUMBER(SEARCH(Search!$B$2,P98))),MAX(Q$1:Q97)+1,"")
A99: Network adapters | B99: ConnectX-6 Lx | D99: ConnectX-6 Lx | E99: documented | F99: — | G99: — | H99: up to 50GbE | I99: SFP56 / SFP28 by SKU | J99: SFP56 up to 50GbE (ConnectX-6 Lx); SFP28 up to 50GbE (ConnectX-6 Lx) | O99: https://networking-docs.nvidia.com/adapters | P99: Network adapters ConnectX-6 Lx ConnectX-6 Lx documented — — up to 50GbE SFP56 / SFP28 by SKU SFP56 up to 50GbE (ConnectX-6 Lx); SFP28 up to 50GbE (ConnectX-6 Lx) | Q99: =IF(AND(Search!$B$2<>"",ISNUMBER(SEARCH(Search!$B$2,P99))),MAX(Q$1:Q98)+1,"")
A100: UFM appliances | B100: UFM XDR Appliance | D100: UFM Enterprise Gen 3.5 | E100: documented | F100: — | G100: — | J100: XDR InfiniBand | N100: UFM Enterprise Gen 3.5 UFM appliance, XDR InfiniBand | O100: https://networking-docs.nvidia.com/software/management-software/ufm-appliances | P100: UFM appliances UFM XDR Appliance UFM Enterprise Gen 3.5 documented — — XDR InfiniBand UFM Enterprise Gen 3.5 UFM appliance, XDR InfiniBand | Q100: =IF(AND(Search!$B$2<>"",ISNUMBER(SEARCH(Search!$B$2,P100))),MAX(Q$1:Q99)+1,"")
A101: UFM appliances | B101: MUA970D | D101: UFM XDR-DC Gen 3.5 | E101: active | F101: MUA9702H-2SFS-DC | G101: 920-9B020-10RI-0D0 | J101: ConnectX-8 400Gb/s InfiniBand | N101: UFM XDR-DC Gen 3.5 UFM appliance, ConnectX-8 400Gb/s InfiniBand | O101: https://networking-docs.nvidia.com/ufmenterprisexdrdchw/ | P101: UFM appliances MUA970D UFM XDR-DC Gen 3.5 active MUA9702H-2SFS-DC 920-9B020-10RI-0D0 ConnectX-8 400Gb/s InfiniBand UFM XDR-DC Gen 3.5 UFM appliance, ConnectX-8 400Gb/s InfiniBand | Q101: =IF(AND(Search!$B$2<>"",ISNUMBER(SEARCH(Search!$B$2,P101))),MAX(Q$1:Q100)+1,"")
A102: UFM appliances | B102: MUA9652H-2SF | D102: UFM Cyber-AI 4.0 | E102: documented | F102: MUA9652H-2SF | G102: 920-9B020-00FH-0D0 | J102: 2x ConnectX-6 HDR 200Gb/s InfiniBand | N102: UFM Cyber-AI 4.0 UFM appliance, 2x ConnectX-6 HDR 200Gb/s InfiniBand | O102: https://networking-docs.nvidia.com/ufm40cyberaiapphw | P102: UFM appliances MUA9652H-2SF UFM Cyber-AI 4.0 documented MUA9652H-2SF 920-9B020-00FH-0D0 2x ConnectX-6 HDR 200Gb/s InfiniBand UFM Cyber-AI 4.0 UFM appliance, 2x ConnectX-6 HDR 200Gb/s InfiniBand | Q102: =IF(AND(Search!$B$2<>"",ISNUMBER(SEARCH(Search!$B$2,P102))),MAX(Q$1:Q101)+1,"")
A103: UFM appliances | B103: MUA960 | D103: UFM Enterprise Gen 3.0 HDR | E103: documented | F103: MUA9602H-2SR | G103: 920-9B020-00FA-0D3 | J103: HDR InfiniBand | N103: UFM Enterprise Gen 3.0 HDR UFM appliance, HDR InfiniBand | O103: https://networking-docs.nvidia.com/ufmenterprisehdrhwum | P103: UFM appliances MUA960 UFM Enterprise Gen 3.0 HDR documented MUA9602H-2SR 920-9B020-00FA-0D3 HDR InfiniBand UFM Enterprise Gen 3.0 HDR UFM appliance, HDR InfiniBand | Q103: =IF(AND(Search!$B$2<>"",ISNUMBER(SEARCH(Search!$B$2,P103))),MAX(Q$1:Q102)+1,"")
A104: UFM appliances | B104: MUA960B | D104: UFM Enterprise Gen 3.0 NDR | E104: documented | F104: MUA9602H-2SRS | G104: 920-9B020-00RA-0D0 | J104: NDR InfiniBand | N104: UFM Enterprise Gen 3.0 NDR UFM appliance, NDR InfiniBand | O104: https://networking-docs.nvidia.com/ufmenterprisendrhwum | P104: UFM appliances MUA960B UFM Enterprise Gen 3.0 NDR documented MUA9602H-2SRS 920-9B020-00RA-0D0 NDR InfiniBand UFM Enterprise Gen 3.0 NDR UFM appliance, NDR InfiniBand | Q104: =IF(AND(Search!$B$2<>"",ISNUMBER(SEARCH(Search!$B$2,P104))),MAX(Q$1:Q103)+1,"")
A105: UFM appliances | B105: MUA950 | D105: UFM-SDN 2.5 | E105: documented | F105: MUA9502H-2SF / MUA9502H-2SF-40K | G105: 920-9B020-00FA-0D5, 920-9B020-09FA-0D0 | J105: InfiniBand | N105: UFM-SDN 2.5 UFM appliance, InfiniBand | O105: https://networking-docs.nvidia.com/ufmsdn25apphw | P105: UFM appliances MUA950 UFM-SDN 2.5 documented MUA9502H-2SF / MUA9502H-2SF-40K 920-9B020-00FA-0D5, 920-9B020-09FA-0D0 InfiniBand UFM-SDN 2.5 UFM appliance, InfiniBand | Q105: =IF(AND(Search!$B$2<>"",ISNUMBER(SEARCH(Search!$B$2,P105))),MAX(Q$1:Q104)+1,"")
A106: UFM appliances | B106: MUA975 | D106: UFM Cyber-AI Gen 4.5 | E106: documented | F106: MUA9752H-2SFS-AC | G106: 920-9B020-00RI-0D5 | J106: 2x ConnectX-8 single-port 400Gb/s InfiniBand | N106: UFM Cyber-AI Gen 4.5 UFM appliance, 2x ConnectX-8 single-port 400Gb/s InfiniBand | O106: https://networking-docs.nvidia.com/ufm45cyberaiapphw | P106: UFM appliances MUA975 UFM Cyber-AI Gen 4.5 documented MUA9752H-2SFS-AC 920-9B020-00RI-0D5 2x ConnectX-8 single-port 400Gb/s InfiniBand UFM Cyber-AI Gen 4.5 UFM appliance, 2x ConnectX-8 single-port 400Gb/s InfiniBand | Q106: =IF(AND(Search!$B$2<>"",ISNUMBER(SEARCH(Search!$B$2,P106))),MAX(Q$1:Q105)+1,"")
A107: Legacy network adapters | B107: MCX516A-CCAT | D107: ConnectX-5 | E107: legacy | H107: up to 100GbE per port / EDR InfiniBand | I107: dual QSFP28 | O107: https://networking-docs.nvidia.com/connectx5en | P107: Legacy network adapters MCX516A-CCAT ConnectX-5 legacy up to 100GbE per port / EDR InfiniBand dual QSFP28 | Q107: =IF(AND(Search!$B$2<>"",ISNUMBER(SEARCH(Search!$B$2,P107))),MAX(Q$1:Q106)+1,"")
A108: Legacy network adapters | B108: MCX455A-ECAT | D108: ConnectX-4 | E108: legacy | H108: 100GbE / EDR InfiniBand class | I108: QSFP28 | O108: https://networking-docs.nvidia.com/connectx4 | P108: Legacy network adapters MCX455A-ECAT ConnectX-4 legacy 100GbE / EDR InfiniBand class QSFP28 | Q108: =IF(AND(Search!$B$2<>"",ISNUMBER(SEARCH(Search!$B$2,P108))),MAX(Q$1:Q107)+1,"")
A109: Legacy network adapters | B109: MCX4121A-ACAT | D109: ConnectX-4 Lx | E109: legacy | H109: up to 25GbE per port | I109: dual SFP28 | O109: https://networking-docs.nvidia.com/connectx4lx | P109: Legacy network adapters MCX4121A-ACAT ConnectX-4 Lx legacy up to 25GbE per port dual SFP28 | Q109: =IF(AND(Search!$B$2<>"",ISNUMBER(SEARCH(Search!$B$2,P109))),MAX(Q$1:Q108)+1,"")

Sheet Search
A1: Search products
A2: Search text: | C2: Type a model, OPN, speed, connector, fabric (IB/ETH/NVL) or any word; matching is case-insensitive.
A3: Matches: | B3: =MAX('All products'!$Q:$Q) | C3: =IF(B3>200,"Showing first 200 matches only","")
A5: Section | B5: Model | C5: Variant | D5: Family | E5: Status | F5: Legacy OPN | G5: NVIDIA OPN | H5: Speed | I5: Form factor | J5: Interfaces | K5: Medium | L5: Reach | M5: Fabric | N5: Description | O5: Link
A6: =IFERROR(INDEX('All products'!$A$2:$A$109,MATCH(1,'All products'!$Q$2:$Q$109,0))&"","") | B6: =IFERROR(INDEX('All products'!$B$2:$B$109,MATCH(1,'All products'!$Q$2:$Q$109,0))&"","") | C6: =IFERROR(INDEX('All products'!$C$2:$C$109,MATCH(1,'All products'!$Q$2:$Q$109,0))&"","") | D6: =IFERROR(INDEX('All products'!$D$2:$D$109,MATCH(1,'All products'!$Q$2:$Q$109,0))&"","") | E6: =IFERROR(INDEX('All products'!$E$2:$E$109,MATCH(1,'All products'!$Q$2:$Q$109,0))&"","") | F6: =IFERROR(INDEX('All products'!$F$2:$F$109,MATCH(1,'All products'!$Q$2:$Q$109,0))&"","") | G6: =IFERROR(INDEX('All products'!$G$2:$G$109,MATCH(1,'All products'!$Q$2:$Q$109,0))&"","") | H6: =IFERROR(INDEX('All products'!$H$2:$H$109,MATCH(1,'All products'!$Q$2:$Q$109,0))&"","") | I6: =IFERROR(INDEX('All products'!$I$2:$I$109,MATCH(1,'All products'!$Q$2:$Q$109,0))&"","") | J6: =IFERROR(INDEX('All products'!$J$2:$J$109,MATCH(1,'All products'!$Q$2:$Q$109,0))&"","") | K6: =IFERROR(INDEX('All products'!$K$2:$K$109,MATCH(1,'All products'!$Q$2:$Q$109,0))&"","") | L6: =IFERROR(INDEX('All products'!$L$2:$L$109,MATCH(1,'All products'!$Q$2:$Q$109,0))&"","") | M6: =IFERROR(INDEX('All products'!$M$2:$M$109,MATCH(1,'All products'!$Q$2:$Q$109,0))&"","") | N6: =IFERROR(INDEX('All products'!$N$2:$N$109,MATCH(1,'All products'!$Q$2:$Q$109,0))&"","") | O6: =IFERROR(HYPERLINK(INDEX('All products'!$O$2:$O$109,MATCH(1,'All products'!$Q$2:$Q$109,0))),"")
A7: =IFERROR(INDEX('All products'!$A$2:$A$109,MATCH(2,'All products'!$Q$2:$Q$109,0))&"","") | B7: =IFERROR(INDEX('All products'!$B$2:$B$109,MATCH(2,'All products'!$Q$2:$Q$109,0))&"","") | C7: =IFERROR(INDEX('All products'!$C$2:$C$109,MATCH(2,'All products'!$Q$2:$Q$109,0))&"","") | D7: =IFERROR(INDEX('All products'!$D$2:$D$109,MATCH(2,'All products'!$Q$2:$Q$109,0))&"","") | E7: =IFERROR(INDEX('All products'!$E$2:$E$109,MATCH(2,'All products'!$Q$2:$Q$109,0))&"","") | F7: =IFERROR(INDEX('All products'!$F$2:$F$109,MATCH(2,'All products'!$Q$2:$Q$109,0))&"","") | G7: =IFERROR(INDEX('All products'!$G$2:$G$109,MATCH(2,'All products'!$Q$2:$Q$109,0))&"","") | H7: =IFERROR(INDEX('All products'!$H$2:$H$109,MATCH(2,'All products'!$Q$2:$Q$109,0))&"","") | I7: =IFERROR(INDEX('All products'!$I$2:$I$109,MATCH(2,'All products'!$Q$2:$Q$109,0))&"","") | J7: =IFERROR(INDEX('All products'!$J$2:$J$109,MATCH(2,'All products'!$Q$2:$Q$109,0))&"","") | K7: =IFERROR(INDEX('All products'!$K$2:$K$109,MATCH(2,'All products'!$Q$2:$Q$109,0))&"","") | L7: =IFERROR(INDEX('All products'!$L$2:$L$109,MATCH(2,'All products'!$Q$2:$Q$109,0))&"","") | M7: =IFERROR(INDEX('All products'!$M$2:$M$109,MATCH(2,'All products'!$Q$2:$Q$109,0))&"","") | N7: =IFERROR(INDEX('All products'!$N$2:$N$109,MATCH(2,'All products'!$Q$2:$Q$109,0))&"","") | O7: =IFERROR(HYPERLINK(INDEX('All products'!$O$2:$O$109,MATCH(2,'All products'!$Q$2:$Q$109,0))),"")
A8: =IFERROR(INDEX('All products'!$A$2:$A$109,MATCH(3,'All products'!$Q$2:$Q$109,0))&"","") | B8: =IFERROR(INDEX('All products'!$B$2:$B$109,MATCH(3,'All products'!$Q$2:$Q$109,0))&"","") | C8: =IFERROR(INDEX('All products'!$C$2:$C$109,MATCH(3,'All products'!$Q$2:$Q$109,0))&"","") | D8: =IFERROR(INDEX('All products'!$D$2:$D$109,MATCH(3,'All products'!$Q$2:$Q$109,0))&"","") | E8: =IFERROR(INDEX('All products'!$E$2:$E$109,MATCH(3,'All products'!$Q$2:$Q$109,0))&"","") | F8: =IFERROR(INDEX('All products'!$F$2:$F$109,MATCH(3,'All products'!$Q$2:$Q$109,0))&"","") | G8: =IFERROR(INDEX('All products'!$G$2:$G$109,MATCH(3,'All products'!$Q$2:$Q$109,0))&"","") | H8: =IFERROR(INDEX('All products'!$H$2:$H$109,MATCH(3,'All products'!$Q$2:$Q$109,0))&"","") | I8: =IFERROR(INDEX('All products'!$I$2:$I$109,MATCH(3,'All products'!$Q$2:$Q$109,0))&"","") | J8: =IFERROR(INDEX('All products'!$J$2:$J$109,MATCH(3,'All products'!$Q$2:$Q$109,0))&"","") | K8: =IFERROR(INDEX('All products'!$K$2:$K$109,MATCH(3,'All products'!$Q$2:$Q$109,0))&"","") | L8: =IFERROR(INDEX('All products'!$L$2:$L$109,MATCH(3,'All products'!$Q$2:$Q$109,0))&"","") | M8: =IFERROR(INDEX('All products'!$M$2:$M$109,MATCH(3,'All products'!$Q$2:$Q$109,0))&"","") | N8: =IFERROR(INDEX('All products'!$N$2:$N$109,MATCH(3,'All products'!$Q$2:$Q$109,0))&"","") | O8: =IFERROR(HYPERLINK(INDEX('All products'!$O$2:$O$109,MATCH(3,'All products'!$Q$2:$Q$109,0))),"")
A9: =IFERROR(INDEX('All products'!$A$2:$A$109,MATCH(4,'All products'!$Q$2:$Q$109,0))&"","") | B9: =IFERROR(INDEX('All products'!$B$2:$B$109,MATCH(4,'All products'!$Q$2:$Q$109,0))&"","") | C9: =IFERROR(INDEX('All products'!$C$2:$C$109,MATCH(4,'All products'!$Q$2:$Q$109,0))&"","") | D9: =IFERROR(INDEX('All products'!$D$2:$D$109,MATCH(4,'All products'!$Q$2:$Q$109,0))&"","") | E9: =IFERROR(INDEX('All products'!$E$2:$E$109,MATCH(4,'All products'!$Q$2:$Q$109,0))&"","") | F9: =IFERROR(INDEX('All products'!$F$2:$F$109,MATCH(4,'All products'!$Q$2:$Q$109,0))&"","") | G9: =IFERROR(INDEX('All products'!$G$2:$G$109,MATCH(4,'All products'!$Q$2:$Q$109,0))&"","") | H9: =IFERROR(INDEX('All products'!$H$2:$H$109,MATCH(4,'All products'!$Q$2:$Q$109,0))&"","") | I9: =IFERROR(INDEX('All products'!$I$2:$I$109,MATCH(4,'All products'!$Q$2:$Q$109,0))&"","") | J9: =IFERROR(INDEX('All products'!$J$2:$J$109,MATCH(4,'All products'!$Q$2:$Q$109,0))&"","") | K9: =IFERROR(INDEX('All products'!$K$2:$K$109,MATCH(4,'All products'!$Q$2:$Q$109,0))&"","") | L9: =IFERROR(INDEX('All products'!$L$2:$L$109,MATCH(4,'All products'!$Q$2:$Q$109,0))&"","") | M9: =IFERROR(INDEX('All products'!$M$2:$M$109,MATCH(4,'All products'!$Q$2:$Q$109,0))&"","") | N9: =IFERROR(INDEX('All products'!$N$2:$N$109,MATCH(4,'All products'!$Q$2:$Q$109,0))&"","") | O9: =IFERROR(HYPERLINK(INDEX('All products'!$O$2:$O$109,MATCH(4,'All products'!$Q$2:$Q$109,0))),"")
A10: =IFERROR(INDEX('All products'!$A$2:$A$109,MATCH(5,'All products'!$Q$2:$Q$109,0))&"","") | B10: =IFERROR(INDEX('All products'!$B$2:$B$109,MATCH(5,'All products'!$Q$2:$Q$109,0))&"","") | C10: =IFERROR(INDEX('All products'!$C$2:$C$109,MATCH(5,'All products'!$Q$2:$Q$109,0))&"","") | D10: =IFERROR(INDEX('All products'!$D$2:$D$109,MATCH(5,'All products'!$Q$2:$Q$109,0))&"","") | E10: =IFERROR(INDEX('All products'!$E$2:$E$109,MATCH(5,'All products'!$Q$2:$Q$109,0))&"","") | F10: =IFERROR(INDEX('All products'!$F$2:$F$109,MATCH(5,'All products'!$Q$2:$Q$109,0))&"","") | G10: =IFERROR(INDEX('All products'!$G$2:$G$109,MATCH(5,'All products'!$Q$2:$Q$109,0))&"","") | H10: =IFERROR(INDEX('All products'!$H$2:$H$109,MATCH(5,'All products'!$Q$2:$Q$109,0))&"","") | I10: =IFERROR(INDEX('All products'!$I$2:$I$109,MATCH(5,'All products'!$Q$2:$Q$109,0))&"","") | J10: =IFERROR(INDEX('All products'!$J$2:$J$109,MATCH(5,'All products'!$Q$2:$Q$109,0))&"","") | K10: =IFERROR(INDEX('All products'!$K$2:$K$109,MATCH(5,'All products'!$Q$2:$Q$109,0))&"","") | L10: =IFERROR(INDEX('All products'!$L$2:$L$109,MATCH(5,'All products'!$Q$2:$Q$109,0))&"","") | M10: =IFERROR(INDEX('All products'!$M$2:$M$109,MATCH(5,'All products'!$Q$2:$Q$109,0))&"","") | N10: =IFERROR(INDEX('All products'!$N$2:$N$109,MATCH(5,'All products'!$Q$2:$Q$109,0))&"","") | O10: =IFERROR(HYPERLINK(INDEX('All products'!$O$2:$O$109,MATCH(5,'All products'!$Q$2:$Q$109,0))),"")
A11: =IFERROR(INDEX('All products'!$A$2:$A$109,MATCH(6,'All products'!$Q$2:$Q$109,0))&"","") | B11: =IFERROR(INDEX('All products'!$B$2:$B$109,MATCH(6,'All products'!$Q$2:$Q$109,0))&"","") | C11: =IFERROR(INDEX('All products'!$C$2:$C$109,MATCH(6,'All products'!$Q$2:$Q$109,0))&"","") | D11: =IFERROR(INDEX('All products'!$D$2:$D$109,MATCH(6,'All products'!$Q$2:$Q$109,0))&"","") | E11: =IFERROR(INDEX('All products'!$E$2:$E$109,MATCH(6,'All products'!$Q$2:$Q$109,0))&"","") | F11: =IFERROR(INDEX('All products'!$F$2:$F$109,MATCH(6,'All products'!$Q$2:$Q$109,0))&"","") | G11: =IFERROR(INDEX('All products'!$G$2:$G$109,MATCH(6,'All products'!$Q$2:$Q$109,0))&"","") | H11: =IFERROR(INDEX('All products'!$H$2:$H$109,MATCH(6,'All products'!$Q$2:$Q$109,0))&"","") | I11: =IFERROR(INDEX('All products'!$I$2:$I$109,MATCH(6,'All products'!$Q$2:$Q$109,0))&"","") | J11: =IFERROR(INDEX('All products'!$J$2:$J$109,MATCH(6,'All products'!$Q$2:$Q$109,0))&"","") | K11: =IFERROR(INDEX('All products'!$K$2:$K$109,MATCH(6,'All products'!$Q$2:$Q$109,0))&"","") | L11: =IFERROR(INDEX('All products'!$L$2:$L$109,MATCH(6,'All products'!$Q$2:$Q$109,0))&"","") | M11: =IFERROR(INDEX('All products'!$M$2:$M$109,MATCH(6,'All products'!$Q$2:$Q$109,0))&"","") | N11: =IFERROR(INDEX('All products'!$N$2:$N$109,MATCH(6,'All products'!$Q$2:$Q$109,0))&"","") | O11: =IFERROR(HYPERLINK(INDEX('All products'!$O$2:$O$109,MATCH(6,'All products'!$Q$2:$Q$109,0))),"")
A12: =IFERROR(INDEX('All products'!$A$2:$A$109,MATCH(7,'All products'!$Q$2:$Q$109,0))&"","") | B12: =IFERROR(INDEX('All products'!$B$2:$B$109,MATCH(7,'All products'!$Q$2:$Q$109,0))&"","") | C12: =IFERROR(INDEX('All products'!$C$2:$C$109,MATCH(7,'All products'!$Q$2:$Q$109,0))&"","") | D12: =IFERROR(INDEX('All products'!$D$2:$D$109,MATCH(7,'All products'!$Q$2:$Q$109,0))&"","") | E12: =IFERROR(INDEX('All products'!$E$2:$E$109,MATCH(7,'All products'!$Q$2:$Q$109,0))&"","") | F12: =IFERROR(INDEX('All products'!$F$2:$F$109,MATCH(7,'All products'!$Q$2:$Q$109,0))&"","") | G12: =IFERROR(INDEX('All products'!$G$2:$G$109,MATCH(7,'All products'!$Q$2:$Q$109,0))&"","") | H12: =IFERROR(INDEX('All products'!$H$2:$H$109,MATCH(7,'All products'!$Q$2:$Q$109,0))&"","") | I12: =IFERROR(INDEX('All products'!$I$2:$I$109,MATCH(7,'All products'!$Q$2:$Q$109,0))&"","") | J12: =IFERROR(INDEX('All products'!$J$2:$J$109,MATCH(7,'All products'!$Q$2:$Q$109,0))&"","") | K12: =IFERROR(INDEX('All products'!$K$2:$K$109,MATCH(7,'All products'!$Q$2:$Q$109,0))&"","") | L12: =IFERROR(INDEX('All products'!$L$2:$L$109,MATCH(7,'All products'!$Q$2:$Q$109,0))&"","") | M12: =IFERROR(INDEX('All products'!$M$2:$M$109,MATCH(7,'All products'!$Q$2:$Q$109,0))&"","") | N12: =IFERROR(INDEX('All products'!$N$2:$N$109,MATCH(7,'All products'!$Q$2:$Q$109,0))&"","") | O12: =IFERROR(HYPERLINK(INDEX('All products'!$O$2:$O$109,MATCH(7,'All products'!$Q$2:$Q$109,0))),"")
A13: =IFERROR(INDEX('All products'!$A$2:$A$109,MATCH(8,'All products'!$Q$2:$Q$109,0))&"","") | B13: =IFERROR(INDEX('All products'!$B$2:$B$109,MATCH(8,'All products'!$Q$2:$Q$109,0))&"","") | C13: =IFERROR(INDEX('All products'!$C$2:$C$109,MATCH(8,'All products'!$Q$2:$Q$109,0))&"","") | D13: =IFERROR(INDEX('All products'!$D$2:$D$109,MATCH(8,'All products'!$Q$2:$Q$109,0))&"","") | E13: =IFERROR(INDEX('All products'!$E$2:$E$109,MATCH(8,'All products'!$Q$2:$Q$109,0))&"","") | F13: =IFERROR(INDEX('All products'!$F$2:$F$109,MATCH(8,'All products'!$Q$2:$Q$109,0))&"","") | G13: =IFERROR(INDEX('All products'!$G$2:$G$109,MATCH(8,'All products'!$Q$2:$Q$109,0))&"","") | H13: =IFERROR(INDEX('All products'!$H$2:$H$109,MATCH(8,'All products'!$Q$2:$Q$109,0))&"","") | I13: =IFERROR(INDEX('All products'!$I$2:$I$109,MATCH(8,'All products'!$Q$2:$Q$109,0))&"","") | J13: =IFERROR(INDEX('All products'!$J$2:$J$109,MATCH(8,'All products'!$Q$2:$Q$109,0))&"","") | K13: =IFERROR(INDEX('All products'!$K$2:$K$109,MATCH(8,'All products'!$Q$2:$Q$109,0))&"","") | L13: =IFERROR(INDEX('All products'!$L$2:$L$109,MATCH(8,'All products'!$Q$2:$Q$109,0))&"","") | M13: =IFERROR(INDEX('All products'!$M$2:$M$109,MATCH(8,'All products'!$Q$2:$Q$109,0))&"","") | N13: =IFERROR(INDEX('All products'!$N$2:$N$109,MATCH(8,'All products'!$Q$2:$Q$109,0))&"","") | O13: =IFERROR(HYPERLINK(INDEX('All products'!$O$2:$O$109,MATCH(8,'All products'!$Q$2:$Q$109,0))),"")
A14: =IFERROR(INDEX('All products'!$A$2:$A$109,MATCH(9,'All products'!$Q$2:$Q$109,0))&"","") | B14: =IFERROR(INDEX('All products'!$B$2:$B$109,MATCH(9,'All products'!$Q$2:$Q$109,0))&"","") | C14: =IFERROR(INDEX('All products'!$C$2:$C$109,MATCH(9,'All products'!$Q$2:$Q$109,0))&"","") | D14: =IFERROR(INDEX('All products'!$D$2:$D$109,MATCH(9,'All products'!$Q$2:$Q$109,0))&"","") | E14: =IFERROR(INDEX('All products'!$E$2:$E$109,MATCH(9,'All products'!$Q$2:$Q$109,0))&"","") | F14: =IFERROR(INDEX('All products'!$F$2:$F$109,MATCH(9,'All products'!$Q$2:$Q$109,0))&"","") | G14: =IFERROR(INDEX('All products'!$G$2:$G$109,MATCH(9,'All products'!$Q$2:$Q$109,0))&"","") | H14: =IFERROR(INDEX('All products'!$H$2:$H$109,MATCH(9,'All products'!$Q$2:$Q$109,0))&"","") | I14: =IFERROR(INDEX('All products'!$I$2:$I$109,MATCH(9,'All products'!$Q$2:$Q$109,0))&"","") | J14: =IFERROR(INDEX('All products'!$J$2:$J$109,MATCH(9,'All products'!$Q$2:$Q$109,0))&"","") | K14: =IFERROR(INDEX('All products'!$K$2:$K$109,MATCH(9,'All products'!$Q$2:$Q$109,0))&"","") | L14: =IFERROR(INDEX('All products'!$L$2:$L$109,MATCH(9,'All products'!$Q$2:$Q$109,0))&"","") | M14: =IFERROR(INDEX('All products'!$M$2:$M$109,MATCH(9,'All products'!$Q$2:$Q$109,0))&"","") | N14: =IFERROR(INDEX('All products'!$N$2:$N$109,MATCH(9,'All products'!$Q$2:$Q$109,0))&"","") | O14: =IFERROR(HYPERLINK(INDEX('All products'!$O$2:$O$109,MATCH(9,'All products'!$Q$2:$Q$109,0))),"")
A15: =IFERROR(INDEX('All products'!$A$2:$A$109,MATCH(10,'All products'!$Q$2:$Q$109,0))&"","") | B15: =IFERROR(INDEX('All products'!$B$2:$B$109,MATCH(10,'All products'!$Q$2:$Q$109,0))&"","") | C15: =IFERROR(INDEX('All products'!$C$2:$C$109,MATCH(10,'All products'!$Q$2:$Q$109,0))&"","") | D15: =IFERROR(INDEX('All products'!$D$2:$D$109,MATCH(10,'All products'!$Q$2:$Q$109,0))&"","") | E15: =IFERROR(INDEX('All products'!$E$2:$E$109,MATCH(10,'All products'!$Q$2:$Q$109,0))&"","") | F15: =IFERROR(INDEX('All products'!$F$2:$F$109,MATCH(10,'All products'!$Q$2:$Q$109,0))&"","") | G15: =IFERROR(INDEX('All products'!$G$2:$G$109,MATCH(10,'All products'!$Q$2:$Q$109,0))&"","") | H15: =IFERROR(INDEX('All products'!$H$2:$H$109,MATCH(10,'All products'!$Q$2:$Q$109,0))&"","") | I15: =IFERROR(INDEX('All products'!$I$2:$I$109,MATCH(10,'All products'!$Q$2:$Q$109,0))&"","") | J15: =IFERROR(INDEX('All products'!$J$2:$J$109,MATCH(10,'All products'!$Q$2:$Q$109,0))&"","") | K15: =IFERROR(INDEX('All products'!$K$2:$K$109,MATCH(10,'All products'!$Q$2:$Q$109,0))&"","") | L15: =IFERROR(INDEX('All products'!$L$2:$L$109,MATCH(10,'All products'!$Q$2:$Q$109,0))&"","") | M15: =IFERROR(INDEX('All products'!$M$2:$M$109,MATCH(10,'All products'!$Q$2:$Q$109,0))&"","") | N15: =IFERROR(INDEX('All products'!$N$2:$N$109,MATCH(10,'All products'!$Q$2:$Q$109,0))&"","") | O15: =IFERROR(HYPERLINK(INDEX('All products'!$O$2:$O$109,MATCH(10,'All products'!$Q$2:$Q$109,0))),"")
A16: =IFERROR(INDEX('All products'!$A$2:$A$109,MATCH(11,'All products'!$Q$2:$Q$109,0))&"","") | B16: =IFERROR(INDEX('All products'!$B$2:$B$109,MATCH(11,'All products'!$Q$2:$Q$109,0))&"","") | C16: =IFERROR(INDEX('All products'!$C$2:$C$109,MATCH(11,'All products'!$Q$2:$Q$109,0))&"","") | D16: =IFERROR(INDEX('All products'!$D$2:$D$109,MATCH(11,'All products'!$Q$2:$Q$109,0))&"","") | E16: =IFERROR(INDEX('All products'!$E$2:$E$109,MATCH(11,'All products'!$Q$2:$Q$109,0))&"","") | F16: =IFERROR(INDEX('All products'!$F$2:$F$109,MATCH(11,'All products'!$Q$2:$Q$109,0))&"","") | G16: =IFERROR(INDEX('All products'!$G$2:$G$109,MATCH(11,'All products'!$Q$2:$Q$109,0))&"","") | H16: =IFERROR(INDEX('All products'!$H$2:$H$109,MATCH(11,'All products'!$Q$2:$Q$109,0))&"","") | I16: =IFERROR(INDEX('All products'!$I$2:$I$109,MATCH(11,'All products'!$Q$2:$Q$109,0))&"","") | J16: =IFERROR(INDEX('All products'!$J$2:$J$109,MATCH(11,'All products'!$Q$2:$Q$109,0))&"","") | K16: =IFERROR(INDEX('All products'!$K$2:$K$109,MATCH(11,'All products'!$Q$2:$Q$109,0))&"","") | L16: =IFERROR(INDEX('All products'!$L$2:$L$109,MATCH(11,'All products'!$Q$2:$Q$109,0))&"","") | M16: =IFERROR(INDEX('All products'!$M$2:$M$109,MATCH(11,'All products'!$Q$2:$Q$109,0))&"","") | N16: =IFERROR(INDEX('All products'!$N$2:$N$109,MATCH(11,'All products'!$Q$2:$Q$109,0))&"","") | O16: =IFERROR(HYPERLINK(INDEX('All products'!$O$2:$O$109,MATCH(11,'All products'!$Q$2:$Q$109,0))),"")
A17: =IFERROR(INDEX('All products'!$A$2:$A$109,MATCH(12,'All products'!$Q$2:$Q$109,0))&"","") | B17: =IFERROR(INDEX('All products'!$B$2:$B$109,MATCH(12,'All products'!$Q$2:$Q$109,0))&"","") | C17: =IFERROR(INDEX('All products'!$C$2:$C$109,MATCH(12,'All products'!$Q$2:$Q$109,0))&"","") | D17: =IFERROR(INDEX('All products'!$D$2:$D$109,MATCH(12,'All products'!$Q$2:$Q$109,0))&"","") | E17: =IFERROR(INDEX('All products'!$E$2:$E$109,MATCH(12,'All products'!$Q$2:$Q$109,0))&"","") | F17: =IFERROR(INDEX('All products'!$F$2:$F$109,MATCH(12,'All products'!$Q$2:$Q$109,0))&"","") | G17: =IFERROR(INDEX('All products'!$G$2:$G$109,MATCH(12,'All products'!$Q$2:$Q$109,0))&"","") | H17: =IFERROR(INDEX('All products'!$H$2:$H$109,MATCH(12,'All products'!$Q$2:$Q$109,0))&"","") | I17: =IFERROR(INDEX('All products'!$I$2:$I$109,MATCH(12,'All products'!$Q$2:$Q$109,0))&"","") | J17: =IFERROR(INDEX('All products'!$J$2:$J$109,MATCH(12,'All products'!$Q$2:$Q$109,0))&"","") | K17: =IFERROR(INDEX('All products'!$K$2:$K$109,MATCH(12,'All products'!$Q$2:$Q$109,0))&"","") | L17: =IFERROR(INDEX('All products'!$L$2:$L$109,MATCH(12,'All products'!$Q$2:$Q$109,0))&"","") | M17: =IFERROR(INDEX('All products'!$M$2:$M$109,MATCH(12,'All products'!$Q$2:$Q$109,0))&"","") | N17: =IFERROR(INDEX('All products'!$N$2:$N$109,MATCH(12,'All products'!$Q$2:$Q$109,0))&"","") | O17: =IFERROR(HYPERLINK(INDEX('All products'!$O$2:$O$109,MATCH(12,'All products'!$Q$2:$Q$109,0))),"")
A18: =IFERROR(INDEX('All products'!$A$2:$A$109,MATCH(13,'All products'!$Q$2:$Q$109,0))&"","") | B18: =IFERROR(INDEX('All products'!$B$2:$B$109,MATCH(13,'All products'!$Q$2:$Q$109,0))&"","") | C18: =IFERROR(INDEX('All products'!$C$2:$C$109,MATCH(13,'All products'!$Q$2:$Q$109,0))&"","") | D18: =IFERROR(INDEX('All products'!$D$2:$D$109,MATCH(13,'All products'!$Q$2:$Q$109,0))&"","") | E18: =IFERROR(INDEX('All products'!$E$2:$E$109,MATCH(13,'All products'!$Q$2:$Q$109,0))&"","") | F18: =IFERROR(INDEX('All products'!$F$2:$F$109,MATCH(13,'All products'!$Q$2:$Q$109,0))&"","") | G18: =IFERROR(INDEX('All products'!$G$2:$G$109,MATCH(13,'All products'!$Q$2:$Q$109,0))&"","") | H18: =IFERROR(INDEX('All products'!$H$2:$H$109,MATCH(13,'All products'!$Q$2:$Q$109,0))&"","") | I18: =IFERROR(INDEX('All products'!$I$2:$I$109,MATCH(13,'All products'!$Q$2:$Q$109,0))&"","") | J18: =IFERROR(INDEX('All products'!$J$2:$J$109,MATCH(13,'All products'!$Q$2:$Q$109,0))&"","") | K18: =IFERROR(INDEX('All products'!$K$2:$K$109,MATCH(13,'All products'!$Q$2:$Q$109,0))&"","") | L18: =IFERROR(INDEX('All products'!$L$2:$L$109,MATCH(13,'All products'!$Q$2:$Q$109,0))&"","") | M18: =IFERROR(INDEX('All products'!$M$2:$M$109,MATCH(13,'All products'!$Q$2:$Q$109,0))&"","") | N18: =IFERROR(INDEX('All products'!$N$2:$N$109,MATCH(13,'All products'!$Q$2:$Q$109,0))&"","") | O18: =IFERROR(HYPERLINK(INDEX('All products'!$O$2:$O$109,MATCH(13,'All products'!$Q$2:$Q$109,0))),"")
A19: =IFERROR(INDEX('All products'!$A$2:$A$109,MATCH(14,'All products'!$Q$2:$Q$109,0))&"","") | B19: =IFERROR(INDEX('All products'!$B$2:$B$109,MATCH(14,'All products'!$Q$2:$Q$109,0))&"","") | C19: =IFERROR(INDEX('All products'!$C$2:$C$109,MATCH(14,'All products'!$Q$2:$Q$109,0))&"","") | D19: =IFERROR(INDEX('All products'!$D$2:$D$109,MATCH(14,'All products'!$Q$2:$Q$109,0))&"","") | E19: =IFERROR(INDEX('All products'!$E$2:$E$109,MATCH(14,'All products'!$Q$2:$Q$109,0))&"","") | F19: =IFERROR(INDEX('All products'!$F$2:$F$109,MATCH(14,'All products'!$Q$2:$Q$109,0))&"","") | G19: =IFERROR(INDEX('All products'!$G$2:$G$109,MATCH(14,'All products'!$Q$2:$Q$109,0))&"","") | H19: =IFERROR(INDEX('All products'!$H$2:$H$109,MATCH(14,'All products'!$Q$2:$Q$109,0))&"","") | I19: =IFERROR(INDEX('All products'!$I$2:$I$109,MATCH(14,'All products'!$Q$2:$Q$109,0))&"","") | J19: =IFERROR(INDEX('All products'!$J$2:$J$109,MATCH(14,'All products'!$Q$2:$Q$109,0))&"","") | K19: =IFERROR(INDEX('All products'!$K$2:$K$109,MATCH(14,'All products'!$Q$2:$Q$109,0))&"","") | L19: =IFERROR(INDEX('All products'!$L$2:$L$109,MATCH(14,'All products'!$Q$2:$Q$109,0))&"","") | M19: =IFERROR(INDEX('All products'!$M$2:$M$109,MATCH(14,'All products'!$Q$2:$Q$109,0))&"","") | N19: =IFERROR(INDEX('All products'!$N$2:$N$109,MATCH(14,'All products'!$Q$2:$Q$109,0))&"","") | O19: =IFERROR(HYPERLINK(INDEX('All products'!$O$2:$O$109,MATCH(14,'All products'!$Q$2:$Q$109,0))),"")
A20: =IFERROR(INDEX('All products'!$A$2:$A$109,MATCH(15,'All products'!$Q$2:$Q$109,0))&"","") | B20: =IFERROR(INDEX('All products'!$B$2:$B$109,MATCH(15,'All products'!$Q$2:$Q$109,0))&"","") | C20: =IFERROR(INDEX('All products'!$C$2:$C$109,MATCH(15,'All products'!$Q$2:$Q$109,0))&"","") | D20: =IFERROR(INDEX('All products'!$D$2:$D$109,MATCH(15,'All products'!$Q$2:$Q$109,0))&"","") | E20: =IFERROR(INDEX('All products'!$E$2:$E$109,MATCH(15,'All products'!$Q$2:$Q$109,0))&"","") | F20: =IFERROR(INDEX('All products'!$F$2:$F$109,MATCH(15,'All products'!$Q$2:$Q$109,0))&"","") | G20: =IFERROR(INDEX('All products'!$G$2:$G$109,MATCH(15,'All products'!$Q$2:$Q$109,0))&"","") | H20: =IFERROR(INDEX('All products'!$H$2:$H$109,MATCH(15,'All products'!$Q$2:$Q$109,0))&"","") | I20: =IFERROR(INDEX('All products'!$I$2:$I$109,MATCH(15,'All products'!$Q$2:$Q$109,0))&"","") | J20: =IFERROR(INDEX('All products'!$J$2:$J$109,MATCH(15,'All products'!$Q$2:$Q$109,0))&"","") | K20: =IFERROR(INDEX('All products'!$K$2:$K$109,MATCH(15,'All products'!$Q$2:$Q$109,0))&"","") | L20: =IFERROR(INDEX('All products'!$L$2:$L$109,MATCH(15,'All products'!$Q$2:$Q$109,0))&"","") | M20: =IFERROR(INDEX('All products'!$M$2:$M$109,MATCH(15,'All products'!$Q$2:$Q$109,0))&"","") | N20: =IFERROR(INDEX('All products'!$N$2:$N$109,MATCH(15,'All products'!$Q$2:$Q$109,0))&"","") | O20: =IFERROR(HYPERLINK(INDEX('All products'!$O$2:$O$109,MATCH(15,'All products'!$Q$2:$Q$109,0))),"")
A21: =IFERROR(INDEX('All products'!$A$2:$A$109,MATCH(16,'All products'!$Q$2:$Q$109,0))&"","") | B21: =IFERROR(INDEX('All products'!$B$2:$B$109,MATCH(16,'All products'!$Q$2:$Q$109,0))&"","") | C21: =IFERROR(INDEX('All products'!$C$2:$C$109,MATCH(16,'All products'!$Q$2:$Q$109,0))&"","") | D21: =IFERROR(INDEX('All products'!$D$2:$D$109,MATCH(16,'All products'!$Q$2:$Q$109,0))&"","") | E21: =IFERROR(INDEX('All products'!$E$2:$E$109,MATCH(16,'All products'!$Q$2:$Q$109,0))&"","") | F21: =IFERROR(INDEX('All products'!$F$2:$F$109,MATCH(16,'All products'!$Q$2:$Q$109,0))&"","") | G21: =IFERROR(INDEX('All products'!$G$2:$G$109,MATCH(16,'All products'!$Q$2:$Q$109,0))&"","") | H21: =IFERROR(INDEX('All products'!$H$2:$H$109,MATCH(16,'All products'!$Q$2:$Q$109,0))&"","") | I21: =IFERROR(INDEX('All products'!$I$2:$I$109,MATCH(16,'All products'!$Q$2:$Q$109,0))&"","") | J21: =IFERROR(INDEX('All products'!$J$2:$J$109,MATCH(16,'All products'!$Q$2:$Q$109,0))&"","") | K21: =IFERROR(INDEX('All products'!$K$2:$K$109,MATCH(16,'All products'!$Q$2:$Q$109,0))&"","") | L21: =IFERROR(INDEX('All products'!$L$2:$L$109,MATCH(16,'All products'!$Q$2:$Q$109,0))&"","") | M21: =IFERROR(INDEX('All products'!$M$2:$M$109,MATCH(16,'All products'!$Q$2:$Q$109,0))&"","") | N21: =IFERROR(INDEX('All products'!$N$2:$N$109,MATCH(16,'All products'!$Q$2:$Q$109,0))&"","") | O21: =IFERROR(HYPERLINK(INDEX('All products'!$O$2:$O$109,MATCH(16,'All products'!$Q$2:$Q$109,0))),"")
A22: =IFERROR(INDEX('All products'!$A$2:$A$109,MATCH(17,'All products'!$Q$2:$Q$109,0))&"","") | B22: =IFERROR(INDEX('All products'!$B$2:$B$109,MATCH(17,'All products'!$Q$2:$Q$109,0))&"","") | C22: =IFERROR(INDEX('All products'!$C$2:$C$109,MATCH(17,'All products'!$Q$2:$Q$109,0))&"","") | D22: =IFERROR(INDEX('All products'!$D$2:$D$109,MATCH(17,'All products'!$Q$2:$Q$109,0))&"","") | E22: =IFERROR(INDEX('All products'!$E$2:$E$109,MATCH(17,'All products'!$Q$2:$Q$109,0))&"","") | F22: =IFERROR(INDEX('All products'!$F$2:$F$109,MATCH(17,'All products'!$Q$2:$Q$109,0))&"","") | G22: =IFERROR(INDEX('All products'!$G$2:$G$109,MATCH(17,'All products'!$Q$2:$Q$109,0))&"","") | H22: =IFERROR(INDEX('All products'!$H$2:$H$109,MATCH(17,'All products'!$Q$2:$Q$109,0))&"","") | I22: =IFERROR(INDEX('All products'!$I$2:$I$109,MATCH(17,'All products'!$Q$2:$Q$109,0))&"","") | J22: =IFERROR(INDEX('All products'!$J$2:$J$109,MATCH(17,'All products'!$Q$2:$Q$109,0))&"","") | K22: =IFERROR(INDEX('All products'!$K$2:$K$109,MATCH(17,'All products'!$Q$2:$Q$109,0))&"","") | L22: =IFERROR(INDEX('All products'!$L$2:$L$109,MATCH(17,'All products'!$Q$2:$Q$109,0))&"","") | M22: =IFERROR(INDEX('All products'!$M$2:$M$109,MATCH(17,'All products'!$Q$2:$Q$109,0))&"","") | N22: =IFERROR(INDEX('All products'!$N$2:$N$109,MATCH(17,'All products'!$Q$2:$Q$109,0))&"","") | O22: =IFERROR(HYPERLINK(INDEX('All products'!$O$2:$O$109,MATCH(17,'All products'!$Q$2:$Q$109,0))),"")
A23: =IFERROR(INDEX('All products'!$A$2:$A$109,MATCH(18,'All products'!$Q$2:$Q$109,0))&"","") | B23: =IFERROR(INDEX('All products'!$B$2:$B$109,MATCH(18,'All products'!$Q$2:$Q$109,0))&"","") | C23: =IFERROR(INDEX('All products'!$C$2:$C$109,MATCH(18,'All products'!$Q$2:$Q$109,0))&"","") | D23: =IFERROR(INDEX('All products'!$D$2:$D$109,MATCH(18,'All products'!$Q$2:$Q$109,0))&"","") | E23: =IFERROR(INDEX('All products'!$E$2:$E$109,MATCH(18,'All products'!$Q$2:$Q$109,0))&"","") | F23: =IFERROR(INDEX('All products'!$F$2:$F$109,MATCH(18,'All products'!$Q$2:$Q$109,0))&"","") | G23: =IFERROR(INDEX('All products'!$G$2:$G$109,MATCH(18,'All products'!$Q$2:$Q$109,0))&"","") | H23: =IFERROR(INDEX('All products'!$H$2:$H$109,MATCH(18,'All products'!$Q$2:$Q$109,0))&"","") | I23: =IFERROR(INDEX('All products'!$I$2:$I$109,MATCH(18,'All products'!$Q$2:$Q$109,0))&"","") | J23: =IFERROR(INDEX('All products'!$J$2:$J$109,MATCH(18,'All products'!$Q$2:$Q$109,0))&"","") | K23: =IFERROR(INDEX('All products'!$K$2:$K$109,MATCH(18,'All products'!$Q$2:$Q$109,0))&"","") | L23: =IFERROR(INDEX('All products'!$L$2:$L$109,MATCH(18,'All products'!$Q$2:$Q$109,0))&"","") | M23: =IFERROR(INDEX('All products'!$M$2:$M$109,MATCH(18,'All products'!$Q$2:$Q$109,0))&"","") | N23: =IFERROR(INDEX('All products'!$N$2:$N$109,MATCH(18,'All products'!$Q$2:$Q$109,0))&"","") | O23: =IFERROR(HYPERLINK(INDEX('All products'!$O$2:$O$109,MATCH(18,'All products'!$Q$2:$Q$109,0))),"")
A24: =IFERROR(INDEX('All products'!$A$2:$A$109,MATCH(19,'All products'!$Q$2:$Q$109,0))&"","") | B24: =IFERROR(INDEX('All products'!$B$2:$B$109,MATCH(19,'All products'!$Q$2:$Q$109,0))&"","") | C24: =IFERROR(INDEX('All products'!$C$2:$C$109,MATCH(19,'All products'!$Q$2:$Q$109,0))&"","") | D24: =IFERROR(INDEX('All products'!$D$2:$D$109,MATCH(19,'All products'!$Q$2:$Q$109,0))&"","") | E24: =IFERROR(INDEX('All products'!$E$2:$E$109,MATCH(19,'All products'!$Q$2:$Q$109,0))&"","") | F24: =IFERROR(INDEX('All products'!$F$2:$F$109,MATCH(19,'All products'!$Q$2:$Q$109,0))&"","") | G24: =IFERROR(INDEX('All products'!$G$2:$G$109,MATCH(19,'All products'!$Q$2:$Q$109,0))&"","") | H24: =IFERROR(INDEX('All products'!$H$2:$H$109,MATCH(19,'All products'!$Q$2:$Q$109,0))&"","") | I24: =IFERROR(INDEX('All products'!$I$2:$I$109,MATCH(19,'All products'!$Q$2:$Q$109,0))&"","") | J24: =IFERROR(INDEX('All products'!$J$2:$J$109,MATCH(19,'All products'!$Q$2:$Q$109,0))&"","") | K24: =IFERROR(INDEX('All products'!$K$2:$K$109,MATCH(19,'All products'!$Q$2:$Q$109,0))&"","") | L24: =IFERROR(INDEX('All products'!$L$2:$L$109,MATCH(19,'All products'!$Q$2:$Q$109,0))&"","") | M24: =IFERROR(INDEX('All products'!$M$2:$M$109,MATCH(19,'All products'!$Q$2:$Q$109,0))&"","") | N24: =IFERROR(INDEX('All products'!$N$2:$N$109,MATCH(19,'All products'!$Q$2:$Q$109,0))&"","") | O24: =IFERROR(HYPERLINK(INDEX('All products'!$O$2:$O$109,MATCH(19,'All products'!$Q$2:$Q$109,0))),"")
A25: =IFERROR(INDEX('All products'!$A$2:$A$109,MATCH(20,'All products'!$Q$2:$Q$109,0))&"","") | B25: =IFERROR(INDEX('All products'!$B$2:$B$109,MATCH(20,'All products'!$Q$2:$Q$109,0))&"","") | C25: =IFERROR(INDEX('All products'!$C$2:$C$109,MATCH(20,'All products'!$Q$2:$Q$109,0))&"","") | D25: =IFERROR(INDEX('All products'!$D$2:$D$109,MATCH(20,'All products'!$Q$2:$Q$109,0))&"","") | E25: =IFERROR(INDEX('All products'!$E$2:$E$109,MATCH(20,'All products'!$Q$2:$Q$109,0))&"","") | F25: =IFERROR(INDEX('All products'!$F$2:$F$109,MATCH(20,'All products'!$Q$2:$Q$109,0))&"","") | G25: =IFERROR(INDEX('All products'!$G$2:$G$109,MATCH(20,'All products'!$Q$2:$Q$109,0))&"","") | H25: =IFERROR(INDEX('All products'!$H$2:$H$109,MATCH(20,'All products'!$Q$2:$Q$109,0))&"","") | I25: =IFERROR(INDEX('All products'!$I$2:$I$109,MATCH(20,'All products'!$Q$2:$Q$109,0))&"","") | J25: =IFERROR(INDEX('All products'!$J$2:$J$109,MATCH(20,'All products'!$Q$2:$Q$109,0))&"","") | K25: =IFERROR(INDEX('All products'!$K$2:$K$109,MATCH(20,'All products'!$Q$2:$Q$109,0))&"","") | L25: =IFERROR(INDEX('All products'!$L$2:$L$109,MATCH(20,'All products'!$Q$2:$Q$109,0))&"","") | M25: =IFERROR(INDEX('All products'!$M$2:$M$109,MATCH(20,'All products'!$Q$2:$Q$109,0))&"","") | N25: =IFERROR(INDEX('All products'!$N$2:$N$109,MATCH(20,'All products'!$Q$2:$Q$109,0))&"","") | O25: =IFERROR(HYPERLINK(INDEX('All products'!$O$2:$O$109,MATCH(20,'All products'!$Q$2:$Q$109,0))),"")
A26: =IFERROR(INDEX('All products'!$A$2:$A$109,MATCH(21,'All products'!$Q$2:$Q$109,0))&"","") | B26: =IFERROR(INDEX('All products'!$B$2:$B$109,MATCH(21,'All products'!$Q$2:$Q$109,0))&"","") | C26: =IFERROR(INDEX('All products'!$C$2:$C$109,MATCH(21,'All products'!$Q$2:$Q$109,0))&"","") | D26: =IFERROR(INDEX('All products'!$D$2:$D$109,MATCH(21,'All products'!$Q$2:$Q$109,0))&"","") | E26: =IFERROR(INDEX('All products'!$E$2:$E$109,MATCH(21,'All products'!$Q$2:$Q$109,0))&"","") | F26: =IFERROR(INDEX('All products'!$F$2:$F$109,MATCH(21,'All products'!$Q$2:$Q$109,0))&"","") | G26: =IFERROR(INDEX('All products'!$G$2:$G$109,MATCH(21,'All products'!$Q$2:$Q$109,0))&"","") | H26: =IFERROR(INDEX('All products'!$H$2:$H$109,MATCH(21,'All products'!$Q$2:$Q$109,0))&"","") | I26: =IFERROR(INDEX('All products'!$I$2:$I$109,MATCH(21,'All products'!$Q$2:$Q$109,0))&"","") | J26: =IFERROR(INDEX('All products'!$J$2:$J$109,MATCH(21,'All products'!$Q$2:$Q$109,0))&"","") | K26: =IFERROR(INDEX('All products'!$K$2:$K$109,MATCH(21,'All products'!$Q$2:$Q$109,0))&"","") | L26: =IFERROR(INDEX('All products'!$L$2:$L$109,MATCH(21,'All products'!$Q$2:$Q$109,0))&"","") | M26: =IFERROR(INDEX('All products'!$M$2:$M$109,MATCH(21,'All products'!$Q$2:$Q$109,0))&"","") | N26: =IFERROR(INDEX('All products'!$N$2:$N$109,MATCH(21,'All products'!$Q$2:$Q$109,0))&"","") | O26: =IFERROR(HYPERLINK(INDEX('All products'!$O$2:$O$109,MATCH(21,'All products'!$Q$2:$Q$109,0))),"")
A27: =IFERROR(INDEX('All products'!$A$2:$A$109,MATCH(22,'All products'!$Q$2:$Q$109,0))&"","") | B27: =IFERROR(INDEX('All products'!$B$2:$B$109,MATCH(22,'All products'!$Q$2:$Q$109,0))&"","") | C27: =IFERROR(INDEX('All products'!$C$2:$C$109,MATCH(22,'All products'!$Q$2:$Q$109,0))&"","") | D27: =IFERROR(INDEX('All products'!$D$2:$D$109,MATCH(22,'All products'!$Q$2:$Q$109,0))&"","") | E27: =IFERROR(INDEX('All products'!$E$2:$E$109,MATCH(22,'All products'!$Q$2:$Q$109,0))&"","") | F27: =IFERROR(INDEX('All products'!$F$2:$F$109,MATCH(22,'All products'!$Q$2:$Q$109,0))&"","") | G27: =IFERROR(INDEX('All products'!$G$2:$G$109,MATCH(22,'All products'!$Q$2:$Q$109,0))&"","") | H27: =IFERROR(INDEX('All products'!$H$2:$H$109,MATCH(22,'All products'!$Q$2:$Q$109,0))&"","") | I27: =IFERROR(INDEX('All products'!$I$2:$I$109,MATCH(22,'All products'!$Q$2:$Q$109,0))&"","") | J27: =IFERROR(INDEX('All products'!$J$2:$J$109,MATCH(22,'All products'!$Q$2:$Q$109,0))&"","") | K27: =IFERROR(INDEX('All products'!$K$2:$K$109,MATCH(22,'All products'!$Q$2:$Q$109,0))&"","") | L27: =IFERROR(INDEX('All products'!$L$2:$L$109,MATCH(22,'All products'!$Q$2:$Q$109,0))&"","") | M27: =IFERROR(INDEX('All products'!$M$2:$M$109,MATCH(22,'All products'!$Q$2:$Q$109,0))&"","") | N27: =IFERROR(INDEX('All products'!$N$2:$N$109,MATCH(22,'All products'!$Q$2:$Q$109,0))&"","") | O27: =IFERROR(HYPERLINK(INDEX('All products'!$O$2:$O$109,MATCH(22,'All products'!$Q$2:$Q$109,0))),"")
A28: =IFERROR(INDEX('All products'!$A$2:$A$109,MATCH(23,'All products'!$Q$2:$Q$109,0))&"","") | B28: =IFERROR(INDEX('All products'!$B$2:$B$109,MATCH(23,'All products'!$Q$2:$Q$109,0))&"","") | C28: =IFERROR(INDEX('All products'!$C$2:$C$109,MATCH(23,'All products'!$Q$2:$Q$109,0))&"","") | D28: =IFERROR(INDEX('All products'!$D$2:$D$109,MATCH(23,'All products'!$Q$2:$Q$109,0))&"","") | E28: =IFERROR(INDEX('All products'!$E$2:$E$109,MATCH(23,'All products'!$Q$2:$Q$109,0))&"","") | F28: =IFERROR(INDEX('All products'!$F$2:$F$109,MATCH(23,'All products'!$Q$2:$Q$109,0))&"","") | G28: =IFERROR(INDEX('All products'!$G$2:$G$109,MATCH(23,'All products'!$Q$2:$Q$109,0))&"","") | H28: =IFERROR(INDEX('All products'!$H$2:$H$109,MATCH(23,'All products'!$Q$2:$Q$109,0))&"","") | I28: =IFERROR(INDEX('All products'!$I$2:$I$109,MATCH(23,'All products'!$Q$2:$Q$109,0))&"","") | J28: =IFERROR(INDEX('All products'!$J$2:$J$109,MATCH(23,'All products'!$Q$2:$Q$109,0))&"","") | K28: =IFERROR(INDEX('All products'!$K$2:$K$109,MATCH(23,'All products'!$Q$2:$Q$109,0))&"","") | L28: =IFERROR(INDEX('All products'!$L$2:$L$109,MATCH(23,'All products'!$Q$2:$Q$109,0))&"","") | M28: =IFERROR(INDEX('All products'!$M$2:$M$109,MATCH(23,'All products'!$Q$2:$Q$109,0))&"","") | N28: =IFERROR(INDEX('All products'!$N$2:$N$109,MATCH(23,'All products'!$Q$2:$Q$109,0))&"","") | O28: =IFERROR(HYPERLINK(INDEX('All products'!$O$2:$O$109,MATCH(23,'All products'!$Q$2:$Q$109,0))),"")
A29: =IFERROR(INDEX('All products'!$A$2:$A$109,MATCH(24,'All products'!$Q$2:$Q$109,0))&"","") | B29: =IFERROR(INDEX('All products'!$B$2:$B$109,MATCH(24,'All products'!$Q$2:$Q$109,0))&"","") | C29: =IFERROR(INDEX('All products'!$C$2:$C$109,MATCH(24,'All products'!$Q$2:$Q$109,0))&"","") | D29: =IFERROR(INDEX('All products'!$D$2:$D$109,MATCH(24,'All products'!$Q$2:$Q$109,0))&"","") | E29: =IFERROR(INDEX('All products'!$E$2:$E$109,MATCH(24,'All products'!$Q$2:$Q$109,0))&"","") | F29: =IFERROR(INDEX('All products'!$F$2:$F$109,MATCH(24,'All products'!$Q$2:$Q$109,0))&"","") | G29: =IFERROR(INDEX('All products'!$G$2:$G$109,MATCH(24,'All products'!$Q$2:$Q$109,0))&"","") | H29: =IFERROR(INDEX('All products'!$H$2:$H$109,MATCH(24,'All products'!$Q$2:$Q$109,0))&"","") | I29: =IFERROR(INDEX('All products'!$I$2:$I$109,MATCH(24,'All products'!$Q$2:$Q$109,0))&"","") | J29: =IFERROR(INDEX('All products'!$J$2:$J$109,MATCH(24,'All products'!$Q$2:$Q$109,0))&"","") | K29: =IFERROR(INDEX('All products'!$K$2:$K$109,MATCH(24,'All products'!$Q$2:$Q$109,0))&"","") | L29: =IFERROR(INDEX('All products'!$L$2:$L$109,MATCH(24,'All products'!$Q$2:$Q$109,0))&"","") | M29: =IFERROR(INDEX('All products'!$M$2:$M$109,MATCH(24,'All products'!$Q$2:$Q$109,0))&"","") | N29: =IFERROR(INDEX('All products'!$N$2:$N$109,MATCH(24,'All products'!$Q$2:$Q$109,0))&"","") | O29: =IFERROR(HYPERLINK(INDEX('All products'!$O$2:$O$109,MATCH(24,'All products'!$Q$2:$Q$109,0))),"")
A30: =IFERROR(INDEX('All products'!$A$2:$A$109,MATCH(25,'All products'!$Q$2:$Q$109,0))&"","") | B30: =IFERROR(INDEX('All products'!$B$2:$B$109,MATCH(25,'All products'!$Q$2:$Q$109,0))&"","") | C30: =IFERROR(INDEX('All products'!$C$2:$C$109,MATCH(25,'All products'!$Q$2:$Q$109,0))&"","") | D30: =IFERROR(INDEX('All products'!$D$2:$D$109,MATCH(25,'All products'!$Q$2:$Q$109,0))&"","") | E30: =IFERROR(INDEX('All products'!$E$2:$E$109,MATCH(25,'All products'!$Q$2:$Q$109,0))&"","") | F30: =IFERROR(INDEX('All products'!$F$2:$F$109,MATCH(25,'All products'!$Q$2:$Q$109,0))&"","") | G30: =IFERROR(INDEX('All products'!$G$2:$G$109,MATCH(25,'All products'!$Q$2:$Q$109,0))&"","") | H30: =IFERROR(INDEX('All products'!$H$2:$H$109,MATCH(25,'All products'!$Q$2:$Q$109,0))&"","") | I30: =IFERROR(INDEX('All products'!$I$2:$I$109,MATCH(25,'All products'!$Q$2:$Q$109,0))&"","") | J30: =IFERROR(INDEX('All products'!$J$2:$J$109,MATCH(25,'All products'!$Q$2:$Q$109,0))&"","") | K30: =IFERROR(INDEX('All products'!$K$2:$K$109,MATCH(25,'All products'!$Q$2:$Q$109,0))&"","") | L30: =IFERROR(INDEX('All products'!$L$2:$L$109,MATCH(25,'All products'!$Q$2:$Q$109,0))&"","") | M30: =IFERROR(INDEX('All products'!$M$2:$M$109,MATCH(25,'All products'!$Q$2:$Q$109,0))&"","") | N30: =IFERROR(INDEX('All products'!$N$2:$N$109,MATCH(25,'All products'!$Q$2:$Q$109,0))&"","") | O30: =IFERROR(HYPERLINK(INDEX('All products'!$O$2:$O$109,MATCH(25,'All products'!$Q$2:$Q$109,0))),"")
A31: =IFERROR(INDEX('All products'!$A$2:$A$109,MATCH(26,'All products'!$Q$2:$Q$109,0))&"","") | B31: =IFERROR(INDEX('All products'!$B$2:$B$109,MATCH(26,'All products'!$Q$2:$Q$109,0))&"","") | C31: =IFERROR(INDEX('All products'!$C$2:$C$109,MATCH(26,'All products'!$Q$2:$Q$109,0))&"","") | D31: =IFERROR(INDEX('All products'!$D$2:$D$109,MATCH(26,'All products'!$Q$2:$Q$109,0))&"","") | E31: =IFERROR(INDEX('All products'!$E$2:$E$109,MATCH(26,'All products'!$Q$2:$Q$109,0))&"","") | F31: =IFERROR(INDEX('All products'!$F$2:$F$109,MATCH(26,'All products'!$Q$2:$Q$109,0))&"","") | G31: =IFERROR(INDEX('All products'!$G$2:$G$109,MATCH(26,'All products'!$Q$2:$Q$109,0))&"","") | H31: =IFERROR(INDEX('All products'!$H$2:$H$109,MATCH(26,'All products'!$Q$2:$Q$109,0))&"","") | I31: =IFERROR(INDEX('All products'!$I$2:$I$109,MATCH(26,'All products'!$Q$2:$Q$109,0))&"","") | J31: =IFERROR(INDEX('All products'!$J$2:$J$109,MATCH(26,'All products'!$Q$2:$Q$109,0))&"","") | K31: =IFERROR(INDEX('All products'!$K$2:$K$109,MATCH(26,'All products'!$Q$2:$Q$109,0))&"","") | L31: =IFERROR(INDEX('All products'!$L$2:$L$109,MATCH(26,'All products'!$Q$2:$Q$109,0))&"","") | M31: =IFERROR(INDEX('All products'!$M$2:$M$109,MATCH(26,'All products'!$Q$2:$Q$109,0))&"","") | N31: =IFERROR(INDEX('All products'!$N$2:$N$109,MATCH(26,'All products'!$Q$2:$Q$109,0))&"","") | O31: =IFERROR(HYPERLINK(INDEX('All products'!$O$2:$O$109,MATCH(26,'All products'!$Q$2:$Q$109,0))),"")
A32: =IFERROR(INDEX('All products'!$A$2:$A$109,MATCH(27,'All products'!$Q$2:$Q$109,0))&"","") | B32: =IFERROR(INDEX('All products'!$B$2:$B$109,MATCH(27,'All products'!$Q$2:$Q$109,0))&"","") | C32: =IFERROR(INDEX('All products'!$C$2:$C$109,MATCH(27,'All products'!$Q$2:$Q$109,0))&"","") | D32: =IFERROR(INDEX('All products'!$D$2:$D$109,MATCH(27,'All products'!$Q$2:$Q$109,0))&"","") | E32: =IFERROR(INDEX('All products'!$E$2:$E$109,MATCH(27,'All products'!$Q$2:$Q$109,0))&"","") | F32: =IFERROR(INDEX('All products'!$F$2:$F$109,MATCH(27,'All products'!$Q$2:$Q$109,0))&"","") | G32: =IFERROR(INDEX('All products'!$G$2:$G$109,MATCH(27,'All products'!$Q$2:$Q$109,0))&"","") | H32: =IFERROR(INDEX('All products'!$H$2:$H$109,MATCH(27,'All products'!$Q$2:$Q$109,0))&"","") | I32: =IFERROR(INDEX('All products'!$I$2:$I$109,MATCH(27,'All products'!$Q$2:$Q$109,0))&"","") | J32: =IFERROR(INDEX('All products'!$J$2:$J$109,MATCH(27,'All products'!$Q$2:$Q$109,0))&"","") | K32: =IFERROR(INDEX('All products'!$K$2:$K$109,MATCH(27,'All products'!$Q$2:$Q$109,0))&"","") | L32: =IFERROR(INDEX('All products'!$L$2:$L$109,MATCH(27,'All products'!$Q$2:$Q$109,0))&"","") | M32: =IFERROR(INDEX('All products'!$M$2:$M$109,MATCH(27,'All products'!$Q$2:$Q$109,0))&"","") | N32: =IFERROR(INDEX('All products'!$N$2:$N$109,MATCH(27,'All products'!$Q$2:$Q$109,0))&"","") | O32: =IFERROR(HYPERLINK(INDEX('All products'!$O$2:$O$109,MATCH(27,'All products'!$Q$2:$Q$109,0))),"")
A33: =IFERROR(INDEX('All products'!$A$2:$A$109,MATCH(28,'All products'!$Q$2:$Q$109,0))&"","") | B33: =IFERROR(INDEX('All products'!$B$2:$B$109,MATCH(28,'All products'!$Q$2:$Q$109,0))&"","") | C33: =IFERROR(INDEX('All products'!$C$2:$C$109,MATCH(28,'All products'!$Q$2:$Q$109,0))&"","") | D33: =IFERROR(INDEX('All products'!$D$2:$D$109,MATCH(28,'All products'!$Q$2:$Q$109,0))&"","") | E33: =IFERROR(INDEX('All products'!$E$2:$E$109,MATCH(28,'All products'!$Q$2:$Q$109,0))&"","") | F33: =IFERROR(INDEX('All products'!$F$2:$F$109,MATCH(28,'All products'!$Q$2:$Q$109,0))&"","") | G33: =IFERROR(INDEX('All products'!$G$2:$G$109,MATCH(28,'All products'!$Q$2:$Q$109,0))&"","") | H33: =IFERROR(INDEX('All products'!$H$2:$H$109,MATCH(28,'All products'!$Q$2:$Q$109,0))&"","") | I33: =IFERROR(INDEX('All products'!$I$2:$I$109,MATCH(28,'All products'!$Q$2:$Q$109,0))&"","") | J33: =IFERROR(INDEX('All products'!$J$2:$J$109,MATCH(28,'All products'!$Q$2:$Q$109,0))&"","") | K33: =IFERROR(INDEX('All products'!$K$2:$K$109,MATCH(28,'All products'!$Q$2:$Q$109,0))&"","") | L33: =IFERROR(INDEX('All products'!$L$2:$L$109,MATCH(28,'All products'!$Q$2:$Q$109,0))&"","") | M33: =IFERROR(INDEX('All products'!$M$2:$M$109,MATCH(28,'All products'!$Q$2:$Q$109,0))&"","") | N33: =IFERROR(INDEX('All products'!$N$2:$N$109,MATCH(28,'All products'!$Q$2:$Q$109,0))&"","") | O33: =IFERROR(HYPERLINK(INDEX('All products'!$O$2:$O$109,MATCH(28,'All products'!$Q$2:$Q$109,0))),"")
A34: =IFERROR(INDEX('All products'!$A$2:$A$109,MATCH(29,'All products'!$Q$2:$Q$109,0))&"","") | B34: =IFERROR(INDEX('All products'!$B$2:$B$109,MATCH(29,'All products'!$Q$2:$Q$109,0))&"","") | C34: =IFERROR(INDEX('All products'!$C$2:$C$109,MATCH(29,'All products'!$Q$2:$Q$109,0))&"","") | D34: =IFERROR(INDEX('All products'!$D$2:$D$109,MATCH(29,'All products'!$Q$2:$Q$109,0))&"","") | E34: =IFERROR(INDEX('All products'!$E$2:$E$109,MATCH(29,'All products'!$Q$2:$Q$109,0))&"","") | F34: =IFERROR(INDEX('All products'!$F$2:$F$109,MATCH(29,'All products'!$Q$2:$Q$109,0))&"","") | G34: =IFERROR(INDEX('All products'!$G$2:$G$109,MATCH(29,'All products'!$Q$2:$Q$109,0))&"","") | H34: =IFERROR(INDEX('All products'!$H$2:$H$109,MATCH(29,'All products'!$Q$2:$Q$109,0))&"","") | I34: =IFERROR(INDEX('All products'!$I$2:$I$109,MATCH(29,'All products'!$Q$2:$Q$109,0))&"","") | J34: =IFERROR(INDEX('All products'!$J$2:$J$109,MATCH(29,'All products'!$Q$2:$Q$109,0))&"","") | K34: =IFERROR(INDEX('All products'!$K$2:$K$109,MATCH(29,'All products'!$Q$2:$Q$109,0))&"","") | L34: =IFERROR(INDEX('All products'!$L$2:$L$109,MATCH(29,'All products'!$Q$2:$Q$109,0))&"","") | M34: =IFERROR(INDEX('All products'!$M$2:$M$109,MATCH(29,'All products'!$Q$2:$Q$109,0))&"","") | N34: =IFERROR(INDEX('All products'!$N$2:$N$109,MATCH(29,'All products'!$Q$2:$Q$109,0))&"","") | O34: =IFERROR(HYPERLINK(INDEX('All products'!$O$2:$O$109,MATCH(29,'All products'!$Q$2:$Q$109,0))),"")
A35: =IFERROR(INDEX('All products'!$A$2:$A$109,MATCH(30,'All products'!$Q$2:$Q$109,0))&"","") | B35: =IFERROR(INDEX('All products'!$B$2:$B$109,MATCH(30,'All products'!$Q$2:$Q$109,0))&"","") | C35: =IFERROR(INDEX('All products'!$C$2:$C$109,MATCH(30,'All products'!$Q$2:$Q$109,0))&"","") | D35: =IFERROR(INDEX('All products'!$D$2:$D$109,MATCH(30,'All products'!$Q$2:$Q$109,0))&"","") | E35: =IFERROR(INDEX('All products'!$E$2:$E$109,MATCH(30,'All products'!$Q$2:$Q$109,0))&"","") | F35: =IFERROR(INDEX('All products'!$F$2:$F$109,MATCH(30,'All products'!$Q$2:$Q$109,0))&"","") | G35: =IFERROR(INDEX('All products'!$G$2:$G$109,MATCH(30,'All products'!$Q$2:$Q$109,0))&"","") | H35: =IFERROR(INDEX('All products'!$H$2:$H$109,MATCH(30,'All products'!$Q$2:$Q$109,0))&"","") | I35: =IFERROR(INDEX('All products'!$I$2:$I$109,MATCH(30,'All products'!$Q$2:$Q$109,0))&"","") | J35: =IFERROR(INDEX('All products'!$J$2:$J$109,MATCH(30,'All products'!$Q$2:$Q$109,0))&"","") | K35: =IFERROR(INDEX('All products'!$K$2:$K$109,MATCH(30,'All products'!$Q$2:$Q$109,0))&"","") | L35: =IFERROR(INDEX('All products'!$L$2:$L$109,MATCH(30,'All products'!$Q$2:$Q$109,0))&"","") | M35: =IFERROR(INDEX('All products'!$M$2:$M$109,MATCH(30,'All products'!$Q$2:$Q$109,0))&"","") | N35: =IFERROR(INDEX('All products'!$N$2:$N$109,MATCH(30,'All products'!$Q$2:$Q$109,0))&"","") | O35: =IFERROR(HYPERLINK(INDEX('All products'!$O$2:$O$109,MATCH(30,'All products'!$Q$2:$Q$109,0))),"")
A36: =IFERROR(INDEX('All products'!$A$2:$A$109,MATCH(31,'All products'!$Q$2:$Q$109,0))&"","") | B36: =IFERROR(INDEX('All products'!$B$2:$B$109,MATCH(31,'All products'!$Q$2:$Q$109,0))&"","") | C36: =IFERROR(INDEX('All products'!$C$2:$C$109,MATCH(31,'All products'!$Q$2:$Q$109,0))&"","") | D36: =IFERROR(INDEX('All products'!$D$2:$D$109,MATCH(31,'All products'!$Q$2:$Q$109,0))&"","") | E36: =IFERROR(INDEX('All products'!$E$2:$E$109,MATCH(31,'All products'!$Q$2:$Q$109,0))&"","") | F36: =IFERROR(INDEX('All products'!$F$2:$F$109,MATCH(31,'All products'!$Q$2:$Q$109,0))&"","") | G36: =IFERROR(INDEX('All products'!$G$2:$G$109,MATCH(31,'All products'!$Q$2:$Q$109,0))&"","") | H36: =IFERROR(INDEX('All products'!$H$2:$H$109,MATCH(31,'All products'!$Q$2:$Q$109,0))&"","") | I36: =IFERROR(INDEX('All products'!$I$2:$I$109,MATCH(31,'All products'!$Q$2:$Q$109,0))&"","") | J36: =IFERROR(INDEX('All products'!$J$2:$J$109,MATCH(31,'All products'!$Q$2:$Q$109,0))&"","") | K36: =IFERROR(INDEX('All products'!$K$2:$K$109,MATCH(31,'All products'!$Q$2:$Q$109,0))&"","") | L36: =IFERROR(INDEX('All products'!$L$2:$L$109,MATCH(31,'All products'!$Q$2:$Q$109,0))&"","") | M36: =IFERROR(INDEX('All products'!$M$2:$M$109,MATCH(31,'All products'!$Q$2:$Q$109,0))&"","") | N36: =IFERROR(INDEX('All products'!$N$2:$N$109,MATCH(31,'All products'!$Q$2:$Q$109,0))&"","") | O36: =IFERROR(HYPERLINK(INDEX('All products'!$O$2:$O$109,MATCH(31,'All products'!$Q$2:$Q$109,0))),"")
A37: =IFERROR(INDEX('All products'!$A$2:$A$109,MATCH(32,'All products'!$Q$2:$Q$109,0))&"","") | B37: =IFERROR(INDEX('All products'!$B$2:$B$109,MATCH(32,'All products'!$Q$2:$Q$109,0))&"","") | C37: =IFERROR(INDEX('All products'!$C$2:$C$109,MATCH(32,'All products'!$Q$2:$Q$109,0))&"","") | D37: =IFERROR(INDEX('All products'!$D$2:$D$109,MATCH(32,'All products'!$Q$2:$Q$109,0))&"","") | E37: =IFERROR(INDEX('All products'!$E$2:$E$109,MATCH(32,'All products'!$Q$2:$Q$109,0))&"","") | F37: =IFERROR(INDEX('All products'!$F$2:$F$109,MATCH(32,'All products'!$Q$2:$Q$109,0))&"","") | G37: =IFERROR(INDEX('All products'!$G$2:$G$109,MATCH(32,'All products'!$Q$2:$Q$109,0))&"","") | H37: =IFERROR(INDEX('All products'!$H$2:$H$109,MATCH(32,'All products'!$Q$2:$Q$109,0))&"","") | I37: =IFERROR(INDEX('All products'!$I$2:$I$109,MATCH(32,'All products'!$Q$2:$Q$109,0))&"","") | J37: =IFERROR(INDEX('All products'!$J$2:$J$109,MATCH(32,'All products'!$Q$2:$Q$109,0))&"","") | K37: =IFERROR(INDEX('All products'!$K$2:$K$109,MATCH(32,'All products'!$Q$2:$Q$109,0))&"","") | L37: =IFERROR(INDEX('All products'!$L$2:$L$109,MATCH(32,'All products'!$Q$2:$Q$109,0))&"","") | M37: =IFERROR(INDEX('All products'!$M$2:$M$109,MATCH(32,'All products'!$Q$2:$Q$109,0))&"","") | N37: =IFERROR(INDEX('All products'!$N$2:$N$109,MATCH(32,'All products'!$Q$2:$Q$109,0))&"","") | O37: =IFERROR(HYPERLINK(INDEX('All products'!$O$2:$O$109,MATCH(32,'All products'!$Q$2:$Q$109,0))),"")
A38: =IFERROR(INDEX('All products'!$A$2:$A$109,MATCH(33,'All products'!$Q$2:$Q$109,0))&"","") | B38: =IFERROR(INDEX('All products'!$B$2:$B$109,MATCH(33,'All products'!$Q$2:$Q$109,0))&"","") | C38: =IFERROR(INDEX('All products'!$C$2:$C$109,MATCH(33,'All products'!$Q$2:$Q$109,0))&"","") | D38: =IFERROR(INDEX('All products'!$D$2:$D$109,MATCH(33,'All products'!$Q$2:$Q$109,0))&"","") | E38: =IFERROR(INDEX('All products'!$E$2:$E$109,MATCH(33,'All products'!$Q$2:$Q$109,0))&"","") | F38: =IFERROR(INDEX('All products'!$F$2:$F$109,MATCH(33,'All products'!$Q$2:$Q$109,0))&"","") | G38: =IFERROR(INDEX('All products'!$G$2:$G$109,MATCH(33,'All products'!$Q$2:$Q$109,0))&"","") | H38: =IFERROR(INDEX('All products'!$H$2:$H$109,MATCH(33,'All products'!$Q$2:$Q$109,0))&"","") | I38: =IFERROR(INDEX('All products'!$I$2:$I$109,MATCH(33,'All products'!$Q$2:$Q$109,0))&"","") | J38: =IFERROR(INDEX('All products'!$J$2:$J$109,MATCH(33,'All products'!$Q$2:$Q$109,0))&"","") | K38: =IFERROR(INDEX('All products'!$K$2:$K$109,MATCH(33,'All products'!$Q$2:$Q$109,0))&"","") | L38: =IFERROR(INDEX('All products'!$L$2:$L$109,MATCH(33,'All products'!$Q$2:$Q$109,0))&"","") | M38: =IFERROR(INDEX('All products'!$M$2:$M$109,MATCH(33,'All products'!$Q$2:$Q$109,0))&"","") | N38: =IFERROR(INDEX('All products'!$N$2:$N$109,MATCH(33,'All products'!$Q$2:$Q$109,0))&"","") | O38: =IFERROR(HYPERLINK(INDEX('All products'!$O$2:$O$109,MATCH(33,'All products'!$Q$2:$Q$109,0))),"")
A39: =IFERROR(INDEX('All products'!$A$2:$A$109,MATCH(34,'All products'!$Q$2:$Q$109,0))&"","") | B39: =IFERROR(INDEX('All products'!$B$2:$B$109,MATCH(34,'All products'!$Q$2:$Q$109,0))&"","") | C39: =IFERROR(INDEX('All products'!$C$2:$C$109,MATCH(34,'All products'!$Q$2:$Q$109,0))&"","") | D39: =IFERROR(INDEX('All products'!$D$2:$D$109,MATCH(34,'All products'!$Q$2:$Q$109,0))&"","") | E39: =IFERROR(INDEX('All products'!$E$2:$E$109,MATCH(34,'All products'!$Q$2:$Q$109,0))&"","") | F39: =IFERROR(INDEX('All products'!$F$2:$F$109,MATCH(34,'All products'!$Q$2:$Q$109,0))&"","") | G39: =IFERROR(INDEX('All products'!$G$2:$G$109,MATCH(34,'All products'!$Q$2:$Q$109,0))&"","") | H39: =IFERROR(INDEX('All products'!$H$2:$H$109,MATCH(34,'All products'!$Q$2:$Q$109,0))&"","") | I39: =IFERROR(INDEX('All products'!$I$2:$I$109,MATCH(34,'All products'!$Q$2:$Q$109,0))&"","") | J39: =IFERROR(INDEX('All products'!$J$2:$J$109,MATCH(34,'All products'!$Q$2:$Q$109,0))&"","") | K39: =IFERROR(INDEX('All products'!$K$2:$K$109,MATCH(34,'All products'!$Q$2:$Q$109,0))&"","") | L39: =IFERROR(INDEX('All products'!$L$2:$L$109,MATCH(34,'All products'!$Q$2:$Q$109,0))&"","") | M39: =IFERROR(INDEX('All products'!$M$2:$M$109,MATCH(34,'All products'!$Q$2:$Q$109,0))&"","") | N39: =IFERROR(INDEX('All products'!$N$2:$N$109,MATCH(34,'All products'!$Q$2:$Q$109,0))&"","") | O39: =IFERROR(HYPERLINK(INDEX('All products'!$O$2:$O$109,MATCH(34,'All products'!$Q$2:$Q$109,0))),"")
A40: =IFERROR(INDEX('All products'!$A$2:$A$109,MATCH(35,'All products'!$Q$2:$Q$109,0))&"","") | B40: =IFERROR(INDEX('All products'!$B$2:$B$109,MATCH(35,'All products'!$Q$2:$Q$109,0))&"","") | C40: =IFERROR(INDEX('All products'!$C$2:$C$109,MATCH(35,'All products'!$Q$2:$Q$109,0))&"","") | D40: =IFERROR(INDEX('All products'!$D$2:$D$109,MATCH(35,'All products'!$Q$2:$Q$109,0))&"","") | E40: =IFERROR(INDEX('All products'!$E$2:$E$109,MATCH(35,'All products'!$Q$2:$Q$109,0))&"","") | F40: =IFERROR(INDEX('All products'!$F$2:$F$109,MATCH(35,'All products'!$Q$2:$Q$109,0))&"","") | G40: =IFERROR(INDEX('All products'!$G$2:$G$109,MATCH(35,'All products'!$Q$2:$Q$109,0))&"","") | H40: =IFERROR(INDEX('All products'!$H$2:$H$109,MATCH(35,'All products'!$Q$2:$Q$109,0))&"","") | I40: =IFERROR(INDEX('All products'!$I$2:$I$109,MATCH(35,'All products'!$Q$2:$Q$109,0))&"","") | J40: =IFERROR(INDEX('All products'!$J$2:$J$109,MATCH(35,'All products'!$Q$2:$Q$109,0))&"","") | K40: =IFERROR(INDEX('All products'!$K$2:$K$109,MATCH(35,'All products'!$Q$2:$Q$109,0))&"","") | L40: =IFERROR(INDEX('All products'!$L$2:$L$109,MATCH(35,'All products'!$Q$2:$Q$109,0))&"","") | M40: =IFERROR(INDEX('All products'!$M$2:$M$109,MATCH(35,'All products'!$Q$2:$Q$109,0))&"","") | N40: =IFERROR(INDEX('All products'!$N$2:$N$109,MATCH(35,'All products'!$Q$2:$Q$109,0))&"","") | O40: =IFERROR(HYPERLINK(INDEX('All products'!$O$2:$O$109,MATCH(35,'All products'!$Q$2:$Q$109,0))),"")
A41: =IFERROR(INDEX('All products'!$A$2:$A$109,MATCH(36,'All products'!$Q$2:$Q$109,0))&"","") | B41: =IFERROR(INDEX('All products'!$B$2:$B$109,MATCH(36,'All products'!$Q$2:$Q$109,0))&"","") | C41: =IFERROR(INDEX('All products'!$C$2:$C$109,MATCH(36,'All products'!$Q$2:$Q$109,0))&"","") | D41: =IFERROR(INDEX('All products'!$D$2:$D$109,MATCH(36,'All products'!$Q$2:$Q$109,0))&"","") | E41: =IFERROR(INDEX('All products'!$E$2:$E$109,MATCH(36,'All products'!$Q$2:$Q$109,0))&"","") | F41: =IFERROR(INDEX('All products'!$F$2:$F$109,MATCH(36,'All products'!$Q$2:$Q$109,0))&"","") | G41: =IFERROR(INDEX('All products'!$G$2:$G$109,MATCH(36,'All products'!$Q$2:$Q$109,0))&"","") | H41: =IFERROR(INDEX('All products'!$H$2:$H$109,MATCH(36,'All products'!$Q$2:$Q$109,0))&"","") | I41: =IFERROR(INDEX('All products'!$I$2:$I$109,MATCH(36,'All products'!$Q$2:$Q$109,0))&"","") | J41: =IFERROR(INDEX('All products'!$J$2:$J$109,MATCH(36,'All products'!$Q$2:$Q$109,0))&"","") | K41: =IFERROR(INDEX('All products'!$K$2:$K$109,MATCH(36,'All products'!$Q$2:$Q$109,0))&"","") | L41: =IFERROR(INDEX('All products'!$L$2:$L$109,MATCH(36,'All products'!$Q$2:$Q$109,0))&"","") | M41: =IFERROR(INDEX('All products'!$M$2:$M$109,MATCH(36,'All products'!$Q$2:$Q$109,0))&"","") | N41: =IFERROR(INDEX('All products'!$N$2:$N$109,MATCH(36,'All products'!$Q$2:$Q$109,0))&"","") | O41: =IFERROR(HYPERLINK(INDEX('All products'!$O$2:$O$109,MATCH(36,'All products'!$Q$2:$Q$109,0))),"")
A42: =IFERROR(INDEX('All products'!$A$2:$A$109,MATCH(37,'All products'!$Q$2:$Q$109,0))&"","") | B42: =IFERROR(INDEX('All products'!$B$2:$B$109,MATCH(37,'All products'!$Q$2:$Q$109,0))&"","") | C42: =IFERROR(INDEX('All products'!$C$2:$C$109,MATCH(37,'All products'!$Q$2:$Q$109,0))&"","") | D42: =IFERROR(INDEX('All products'!$D$2:$D$109,MATCH(37,'All products'!$Q$2:$Q$109,0))&"","") | E42: =IFERROR(INDEX('All products'!$E$2:$E$109,MATCH(37,'All products'!$Q$2:$Q$109,0))&"","") | F42: =IFERROR(INDEX('All products'!$F$2:$F$109,MATCH(37,'All products'!$Q$2:$Q$109,0))&"","") | G42: =IFERROR(INDEX('All products'!$G$2:$G$109,MATCH(37,'All products'!$Q$2:$Q$109,0))&"","") | H42: =IFERROR(INDEX('All products'!$H$2:$H$109,MATCH(37,'All products'!$Q$2:$Q$109,0))&"","") | I42: =IFERROR(INDEX('All products'!$I$2:$I$109,MATCH(37,'All products'!$Q$2:$Q$109,0))&"","") | J42: =IFERROR(INDEX('All products'!$J$2:$J$109,MATCH(37,'All products'!$Q$2:$Q$109,0))&"","") | K42: =IFERROR(INDEX('All products'!$K$2:$K$109,MATCH(37,'All products'!$Q$2:$Q$109,0))&"","") | L42: =IFERROR(INDEX('All products'!$L$2:$L$109,MATCH(37,'All products'!$Q$2:$Q$109,0))&"","") | M42: =IFERROR(INDEX('All products'!$M$2:$M$109,MATCH(37,'All products'!$Q$2:$Q$109,0))&"","") | N42: =IFERROR(INDEX('All products'!$N$2:$N$109,MATCH(37,'All products'!$Q$2:$Q$109,0))&"","") | O42: =IFERROR(HYPERLINK(INDEX('All products'!$O$2:$O$109,MATCH(37,'All products'!$Q$2:$Q$109,0))),"")
A43: =IFERROR(INDEX('All products'!$A$2:$A$109,MATCH(38,'All products'!$Q$2:$Q$109,0))&"","") | B43: =IFERROR(INDEX('All products'!$B$2:$B$109,MATCH(38,'All products'!$Q$2:$Q$109,0))&"","") | C43: =IFERROR(INDEX('All products'!$C$2:$C$109,MATCH(38,'All products'!$Q$2:$Q$109,0))&"","") | D43: =IFERROR(INDEX('All products'!$D$2:$D$109,MATCH(38,'All products'!$Q$2:$Q$109,0))&"","") | E43: =IFERROR(INDEX('All products'!$E$2:$E$109,MATCH(38,'All products'!$Q$2:$Q$109,0))&"","") | F43: =IFERROR(INDEX('All products'!$F$2:$F$109,MATCH(38,'All products'!$Q$2:$Q$109,0))&"","") | G43: =IFERROR(INDEX('All products'!$G$2:$G$109,MATCH(38,'All products'!$Q$2:$Q$109,0))&"","") | H43: =IFERROR(INDEX('All products'!$H$2:$H$109,MATCH(38,'All products'!$Q$2:$Q$109,0))&"","") | I43: =IFERROR(INDEX('All products'!$I$2:$I$109,MATCH(38,'All products'!$Q$2:$Q$109,0))&"","") | J43: =IFERROR(INDEX('All products'!$J$2:$J$109,MATCH(38,'All products'!$Q$2:$Q$109,0))&"","") | K43: =IFERROR(INDEX('All products'!$K$2:$K$109,MATCH(38,'All products'!$Q$2:$Q$109,0))&"","") | L43: =IFERROR(INDEX('All products'!$L$2:$L$109,MATCH(38,'All products'!$Q$2:$Q$109,0))&"","") | M43: =IFERROR(INDEX('All products'!$M$2:$M$109,MATCH(38,'All products'!$Q$2:$Q$109,0))&"","") | N43: =IFERROR(INDEX('All products'!$N$2:$N$109,MATCH(38,'All products'!$Q$2:$Q$109,0))&"","") | O43: =IFERROR(HYPERLINK(INDEX('All products'!$O$2:$O$109,MATCH(38,'All products'!$Q$2:$Q$109,0))),"")
A44: =IFERROR(INDEX('All products'!$A$2:$A$109,MATCH(39,'All products'!$Q$2:$Q$109,0))&"","") | B44: =IFERROR(INDEX('All products'!$B$2:$B$109,MATCH(39,'All products'!$Q$2:$Q$109,0))&"","") | C44: =IFERROR(INDEX('All products'!$C$2:$C$109,MATCH(39,'All products'!$Q$2:$Q$109,0))&"","") | D44: =IFERROR(INDEX('All products'!$D$2:$D$109,MATCH(39,'All products'!$Q$2:$Q$109,0))&"","") | E44: =IFERROR(INDEX('All products'!$E$2:$E$109,MATCH(39,'All products'!$Q$2:$Q$109,0))&"","") | F44: =IFERROR(INDEX('All products'!$F$2:$F$109,MATCH(39,'All products'!$Q$2:$Q$109,0))&"","") | G44: =IFERROR(INDEX('All products'!$G$2:$G$109,MATCH(39,'All products'!$Q$2:$Q$109,0))&"","") | H44: =IFERROR(INDEX('All products'!$H$2:$H$109,MATCH(39,'All products'!$Q$2:$Q$109,0))&"","") | I44: =IFERROR(INDEX('All products'!$I$2:$I$109,MATCH(39,'All products'!$Q$2:$Q$109,0))&"","") | J44: =IFERROR(INDEX('All products'!$J$2:$J$109,MATCH(39,'All products'!$Q$2:$Q$109,0))&"","") | K44: =IFERROR(INDEX('All products'!$K$2:$K$109,MATCH(39,'All products'!$Q$2:$Q$109,0))&"","") | L44: =IFERROR(INDEX('All products'!$L$2:$L$109,MATCH(39,'All products'!$Q$2:$Q$109,0))&"","") | M44: =IFERROR(INDEX('All products'!$M$2:$M$109,MATCH(39,'All products'!$Q$2:$Q$109,0))&"","") | N44: =IFERROR(INDEX('All products'!$N$2:$N$109,MATCH(39,'All products'!$Q$2:$Q$109,0))&"","") | O44: =IFERROR(HYPERLINK(INDEX('All products'!$O$2:$O$109,MATCH(39,'All products'!$Q$2:$Q$109,0))),"")
A45: =IFERROR(INDEX('All products'!$A$2:$A$109,MATCH(40,'All products'!$Q$2:$Q$109,0))&"","") | B45: =IFERROR(INDEX('All products'!$B$2:$B$109,MATCH(40,'All products'!$Q$2:$Q$109,0))&"","") | C45: =IFERROR(INDEX('All products'!$C$2:$C$109,MATCH(40,'All products'!$Q$2:$Q$109,0))&"","") | D45: =IFERROR(INDEX('All products'!$D$2:$D$109,MATCH(40,'All products'!$Q$2:$Q$109,0))&"","") | E45: =IFERROR(INDEX('All products'!$E$2:$E$109,MATCH(40,'All products'!$Q$2:$Q$109,0))&"","") | F45: =IFERROR(INDEX('All products'!$F$2:$F$109,MATCH(40,'All products'!$Q$2:$Q$109,0))&"","") | G45: =IFERROR(INDEX('All products'!$G$2:$G$109,MATCH(40,'All products'!$Q$2:$Q$109,0))&"","") | H45: =IFERROR(INDEX('All products'!$H$2:$H$109,MATCH(40,'All products'!$Q$2:$Q$109,0))&"","") | I45: =IFERROR(INDEX('All products'!$I$2:$I$109,MATCH(40,'All products'!$Q$2:$Q$109,0))&"","") | J45: =IFERROR(INDEX('All products'!$J$2:$J$109,MATCH(40,'All products'!$Q$2:$Q$109,0))&"","") | K45: =IFERROR(INDEX('All products'!$K$2:$K$109,MATCH(40,'All products'!$Q$2:$Q$109,0))&"","") | L45: =IFERROR(INDEX('All products'!$L$2:$L$109,MATCH(40,'All products'!$Q$2:$Q$109,0))&"","") | M45: =IFERROR(INDEX('All products'!$M$2:$M$109,MATCH(40,'All products'!$Q$2:$Q$109,0))&"","") | N45: =IFERROR(INDEX('All products'!$N$2:$N$109,MATCH(40,'All products'!$Q$2:$Q$109,0))&"","") | O45: =IFERROR(HYPERLINK(INDEX('All products'!$O$2:$O$109,MATCH(40,'All products'!$Q$2:$Q$109,0))),"")
A46: =IFERROR(INDEX('All products'!$A$2:$A$109,MATCH(41,'All products'!$Q$2:$Q$109,0))&"","") | B46: =IFERROR(INDEX('All products'!$B$2:$B$109,MATCH(41,'All products'!$Q$2:$Q$109,0))&"","") | C46: =IFERROR(INDEX('All products'!$C$2:$C$109,MATCH(41,'All products'!$Q$2:$Q$109,0))&"","") | D46: =IFERROR(INDEX('All products'!$D$2:$D$109,MATCH(41,'All products'!$Q$2:$Q$109,0))&"","") | E46: =IFERROR(INDEX('All products'!$E$2:$E$109,MATCH(41,'All products'!$Q$2:$Q$109,0))&"","") | F46: =IFERROR(INDEX('All products'!$F$2:$F$109,MATCH(41,'All products'!$Q$2:$Q$109,0))&"","") | G46: =IFERROR(INDEX('All products'!$G$2:$G$109,MATCH(41,'All products'!$Q$2:$Q$109,0))&"","") | H46: =IFERROR(INDEX('All products'!$H$2:$H$109,MATCH(41,'All products'!$Q$2:$Q$109,0))&"","") | I46: =IFERROR(INDEX('All products'!$I$2:$I$109,MATCH(41,'All products'!$Q$2:$Q$109,0))&"","") | J46: =IFERROR(INDEX('All products'!$J$2:$J$109,MATCH(41,'All products'!$Q$2:$Q$109,0))&"","") | K46: =IFERROR(INDEX('All products'!$K$2:$K$109,MATCH(41,'All products'!$Q$2:$Q$109,0))&"","") | L46: =IFERROR(INDEX('All products'!$L$2:$L$109,MATCH(41,'All products'!$Q$2:$Q$109,0))&"","") | M46: =IFERROR(INDEX('All products'!$M$2:$M$109,MATCH(41,'All products'!$Q$2:$Q$109,0))&"","") | N46: =IFERROR(INDEX('All products'!$N$2:$N$109,MATCH(41,'All products'!$Q$2:$Q$109,0))&"","") | O46: =IFERROR(HYPERLINK(INDEX('All products'!$O$2:$O$109,MATCH(41,'All products'!$Q$2:$Q$109,0))),"")
A47: =IFERROR(INDEX('All products'!$A$2:$A$109,MATCH(42,'All products'!$Q$2:$Q$109,0))&"","") | B47: =IFERROR(INDEX('All products'!$B$2:$B$109,MATCH(42,'All products'!$Q$2:$Q$109,0))&"","") | C47: =IFERROR(INDEX('All products'!$C$2:$C$109,MATCH(42,'All products'!$Q$2:$Q$109,0))&"","") | D47: =IFERROR(INDEX('All products'!$D$2:$D$109,MATCH(42,'All products'!$Q$2:$Q$109,0))&"","") | E47: =IFERROR(INDEX('All products'!$E$2:$E$109,MATCH(42,'All products'!$Q$2:$Q$109,0))&"","") | F47: =IFERROR(INDEX('All products'!$F$2:$F$109,MATCH(42,'All products'!$Q$2:$Q$109,0))&"","") | G47: =IFERROR(INDEX('All products'!$G$2:$G$109,MATCH(42,'All products'!$Q$2:$Q$109,0))&"","") | H47: =IFERROR(INDEX('All products'!$H$2:$H$109,MATCH(42,'All products'!$Q$2:$Q$109,0))&"","") | I47: =IFERROR(INDEX('All products'!$I$2:$I$109,MATCH(42,'All products'!$Q$2:$Q$109,0))&"","") | J47: =IFERROR(INDEX('All products'!$J$2:$J$109,MATCH(42,'All products'!$Q$2:$Q$109,0))&"","") | K47: =IFERROR(INDEX('All products'!$K$2:$K$109,MATCH(42,'All products'!$Q$2:$Q$109,0))&"","") | L47: =IFERROR(INDEX('All products'!$L$2:$L$109,MATCH(42,'All products'!$Q$2:$Q$109,0))&"","") | M47: =IFERROR(INDEX('All products'!$M$2:$M$109,MATCH(42,'All products'!$Q$2:$Q$109,0))&"","") | N47: =IFERROR(INDEX('All products'!$N$2:$N$109,MATCH(42,'All products'!$Q$2:$Q$109,0))&"","") | O47: =IFERROR(HYPERLINK(INDEX('All products'!$O$2:$O$109,MATCH(42,'All products'!$Q$2:$Q$109,0))),"")
A48: =IFERROR(INDEX('All products'!$A$2:$A$109,MATCH(43,'All products'!$Q$2:$Q$109,0))&"","") | B48: =IFERROR(INDEX('All products'!$B$2:$B$109,MATCH(43,'All products'!$Q$2:$Q$109,0))&"","") | C48: =IFERROR(INDEX('All products'!$C$2:$C$109,MATCH(43,'All products'!$Q$2:$Q$109,0))&"","") | D48: =IFERROR(INDEX('All products'!$D$2:$D$109,MATCH(43,'All products'!$Q$2:$Q$109,0))&"","") | E48: =IFERROR(INDEX('All products'!$E$2:$E$109,MATCH(43,'All products'!$Q$2:$Q$109,0))&"","") | F48: =IFERROR(INDEX('All products'!$F$2:$F$109,MATCH(43,'All products'!$Q$2:$Q$109,0))&"","") | G48: =IFERROR(INDEX('All products'!$G$2:$G$109,MATCH(43,'All products'!$Q$2:$Q$109,0))&"","") | H48: =IFERROR(INDEX('All products'!$H$2:$H$109,MATCH(43,'All products'!$Q$2:$Q$109,0))&"","") | I48: =IFERROR(INDEX('All products'!$I$2:$I$109,MATCH(43,'All products'!$Q$2:$Q$109,0))&"","") | J48: =IFERROR(INDEX('All products'!$J$2:$J$109,MATCH(43,'All products'!$Q$2:$Q$109,0))&"","") | K48: =IFERROR(INDEX('All products'!$K$2:$K$109,MATCH(43,'All products'!$Q$2:$Q$109,0))&"","") | L48: =IFERROR(INDEX('All products'!$L$2:$L$109,MATCH(43,'All products'!$Q$2:$Q$109,0))&"","") | M48: =IFERROR(INDEX('All products'!$M$2:$M$109,MATCH(43,'All products'!$Q$2:$Q$109,0))&"","") | N48: =IFERROR(INDEX('All products'!$N$2:$N$109,MATCH(43,'All products'!$Q$2:$Q$109,0))&"","") | O48: =IFERROR(HYPERLINK(INDEX('All products'!$O$2:$O$109,MATCH(43,'All products'!$Q$2:$Q$109,0))),"")
A49: =IFERROR(INDEX('All products'!$A$2:$A$109,MATCH(44,'All products'!$Q$2:$Q$109,0))&"","") | B49: =IFERROR(INDEX('All products'!$B$2:$B$109,MATCH(44,'All products'!$Q$2:$Q$109,0))&"","") | C49: =IFERROR(INDEX('All products'!$C$2:$C$109,MATCH(44,'All products'!$Q$2:$Q$109,0))&"","") | D49: =IFERROR(INDEX('All products'!$D$2:$D$109,MATCH(44,'All products'!$Q$2:$Q$109,0))&"","") | E49: =IFERROR(INDEX('All products'!$E$2:$E$109,MATCH(44,'All products'!$Q$2:$Q$109,0))&"","") | F49: =IFERROR(INDEX('All products'!$F$2:$F$109,MATCH(44,'All products'!$Q$2:$Q$109,0))&"","") | G49: =IFERROR(INDEX('All products'!$G$2:$G$109,MATCH(44,'All products'!$Q$2:$Q$109,0))&"","") | H49: =IFERROR(INDEX('All products'!$H$2:$H$109,MATCH(44,'All products'!$Q$2:$Q$109,0))&"","") | I49: =IFERROR(INDEX('All products'!$I$2:$I$109,MATCH(44,'All products'!$Q$2:$Q$109,0))&"","") | J49: =IFERROR(INDEX('All products'!$J$2:$J$109,MATCH(44,'All products'!$Q$2:$Q$109,0))&"","") | K49: =IFERROR(INDEX('All products'!$K$2:$K$109,MATCH(44,'All products'!$Q$2:$Q$109,0))&"","") | L49: =IFERROR(INDEX('All products'!$L$2:$L$109,MATCH(44,'All products'!$Q$2:$Q$109,0))&"","") | M49: =IFERROR(INDEX('All products'!$M$2:$M$109,MATCH(44,'All products'!$Q$2:$Q$109,0))&"","") | N49: =IFERROR(INDEX('All products'!$N$2:$N$109,MATCH(44,'All products'!$Q$2:$Q$109,0))&"","") | O49: =IFERROR(HYPERLINK(INDEX('All products'!$O$2:$O$109,MATCH(44,'All products'!$Q$2:$Q$109,0))),"")
A50: =IFERROR(INDEX('All products'!$A$2:$A$109,MATCH(45,'All products'!$Q$2:$Q$109,0))&"","") | B50: =IFERROR(INDEX('All products'!$B$2:$B$109,MATCH(45,'All products'!$Q$2:$Q$109,0))&"","") | C50: =IFERROR(INDEX('All products'!$C$2:$C$109,MATCH(45,'All products'!$Q$2:$Q$109,0))&"","") | D50: =IFERROR(INDEX('All products'!$D$2:$D$109,MATCH(45,'All products'!$Q$2:$Q$109,0))&"","") | E50: =IFERROR(INDEX('All products'!$E$2:$E$109,MATCH(45,'All products'!$Q$2:$Q$109,0))&"","") | F50: =IFERROR(INDEX('All products'!$F$2:$F$109,MATCH(45,'All products'!$Q$2:$Q$109,0))&"","") | G50: =IFERROR(INDEX('All products'!$G$2:$G$109,MATCH(45,'All products'!$Q$2:$Q$109,0))&"","") | H50: =IFERROR(INDEX('All products'!$H$2:$H$109,MATCH(45,'All products'!$Q$2:$Q$109,0))&"","") | I50: =IFERROR(INDEX('All products'!$I$2:$I$109,MATCH(45,'All products'!$Q$2:$Q$109,0))&"","") | J50: =IFERROR(INDEX('All products'!$J$2:$J$109,MATCH(45,'All products'!$Q$2:$Q$109,0))&"","") | K50: =IFERROR(INDEX('All products'!$K$2:$K$109,MATCH(45,'All products'!$Q$2:$Q$109,0))&"","") | L50: =IFERROR(INDEX('All products'!$L$2:$L$109,MATCH(45,'All products'!$Q$2:$Q$109,0))&"","") | M50: =IFERROR(INDEX('All products'!$M$2:$M$109,MATCH(45,'All products'!$Q$2:$Q$109,0))&"","") | N50: =IFERROR(INDEX('All products'!$N$2:$N$109,MATCH(45,'All products'!$Q$2:$Q$109,0))&"","") | O50: =IFERROR(HYPERLINK(INDEX('All products'!$O$2:$O$109,MATCH(45,'All products'!$Q$2:$Q$109,0))),"")
A51: =IFERROR(INDEX('All products'!$A$2:$A$109,MATCH(46,'All products'!$Q$2:$Q$109,0))&"","") | B51: =IFERROR(INDEX('All products'!$B$2:$B$109,MATCH(46,'All products'!$Q$2:$Q$109,0))&"","") | C51: =IFERROR(INDEX('All products'!$C$2:$C$109,MATCH(46,'All products'!$Q$2:$Q$109,0))&"","") | D51: =IFERROR(INDEX('All products'!$D$2:$D$109,MATCH(46,'All products'!$Q$2:$Q$109,0))&"","") | E51: =IFERROR(INDEX('All products'!$E$2:$E$109,MATCH(46,'All products'!$Q$2:$Q$109,0))&"","") | F51: =IFERROR(INDEX('All products'!$F$2:$F$109,MATCH(46,'All products'!$Q$2:$Q$109,0))&"","") | G51: =IFERROR(INDEX('All products'!$G$2:$G$109,MATCH(46,'All products'!$Q$2:$Q$109,0))&"","") | H51: =IFERROR(INDEX('All products'!$H$2:$H$109,MATCH(46,'All products'!$Q$2:$Q$109,0))&"","") | I51: =IFERROR(INDEX('All products'!$I$2:$I$109,MATCH(46,'All products'!$Q$2:$Q$109,0))&"","") | J51: =IFERROR(INDEX('All products'!$J$2:$J$109,MATCH(46,'All products'!$Q$2:$Q$109,0))&"","") | K51: =IFERROR(INDEX('All products'!$K$2:$K$109,MATCH(46,'All products'!$Q$2:$Q$109,0))&"","") | L51: =IFERROR(INDEX('All products'!$L$2:$L$109,MATCH(46,'All products'!$Q$2:$Q$109,0))&"","") | M51: =IFERROR(INDEX('All products'!$M$2:$M$109,MATCH(46,'All products'!$Q$2:$Q$109,0))&"","") | N51: =IFERROR(INDEX('All products'!$N$2:$N$109,MATCH(46,'All products'!$Q$2:$Q$109,0))&"","") | O51: =IFERROR(HYPERLINK(INDEX('All products'!$O$2:$O$109,MATCH(46,'All products'!$Q$2:$Q$109,0))),"")
A52: =IFERROR(INDEX('All products'!$A$2:$A$109,MATCH(47,'All products'!$Q$2:$Q$109,0))&"","") | B52: =IFERROR(INDEX('All products'!$B$2:$B$109,MATCH(47,'All products'!$Q$2:$Q$109,0))&"","") | C52: =IFERROR(INDEX('All products'!$C$2:$C$109,MATCH(47,'All products'!$Q$2:$Q$109,0))&"","") | D52: =IFERROR(INDEX('All products'!$D$2:$D$109,MATCH(47,'All products'!$Q$2:$Q$109,0))&"","") | E52: =IFERROR(INDEX('All products'!$E$2:$E$109,MATCH(47,'All products'!$Q$2:$Q$109,0))&"","") | F52: =IFERROR(INDEX('All products'!$F$2:$F$109,MATCH(47,'All products'!$Q$2:$Q$109,0))&"","") | G52: =IFERROR(INDEX('All products'!$G$2:$G$109,MATCH(47,'All products'!$Q$2:$Q$109,0))&"","") | H52: =IFERROR(INDEX('All products'!$H$2:$H$109,MATCH(47,'All products'!$Q$2:$Q$109,0))&"","") | I52: =IFERROR(INDEX('All products'!$I$2:$I$109,MATCH(47,'All products'!$Q$2:$Q$109,0))&"","") | J52: =IFERROR(INDEX('All products'!$J$2:$J$109,MATCH(47,'All products'!$Q$2:$Q$109,0))&"","") | K52: =IFERROR(INDEX('All products'!$K$2:$K$109,MATCH(47,'All products'!$Q$2:$Q$109,0))&"","") | L52: =IFERROR(INDEX('All products'!$L$2:$L$109,MATCH(47,'All products'!$Q$2:$Q$109,0))&"","") | M52: =IFERROR(INDEX('All products'!$M$2:$M$109,MATCH(47,'All products'!$Q$2:$Q$109,0))&"","") | N52: =IFERROR(INDEX('All products'!$N$2:$N$109,MATCH(47,'All products'!$Q$2:$Q$109,0))&"","") | O52: =IFERROR(HYPERLINK(INDEX('All products'!$O$2:$O$109,MATCH(47,'All products'!$Q$2:$Q$109,0))),"")
A53: =IFERROR(INDEX('All products'!$A$2:$A$109,MATCH(48,'All products'!$Q$2:$Q$109,0))&"","") | B53: =IFERROR(INDEX('All products'!$B$2:$B$109,MATCH(48,'All products'!$Q$2:$Q$109,0))&"","") | C53: =IFERROR(INDEX('All products'!$C$2:$C$109,MATCH(48,'All products'!$Q$2:$Q$109,0))&"","") | D53: =IFERROR(INDEX('All products'!$D$2:$D$109,MATCH(48,'All products'!$Q$2:$Q$109,0))&"","") | E53: =IFERROR(INDEX('All products'!$E$2:$E$109,MATCH(48,'All products'!$Q$2:$Q$109,0))&"","") | F53: =IFERROR(INDEX('All products'!$F$2:$F$109,MATCH(48,'All products'!$Q$2:$Q$109,0))&"","") | G53: =IFERROR(INDEX('All products'!$G$2:$G$109,MATCH(48,'All products'!$Q$2:$Q$109,0))&"","") | H53: =IFERROR(INDEX('All products'!$H$2:$H$109,MATCH(48,'All products'!$Q$2:$Q$109,0))&"","") | I53: =IFERROR(INDEX('All products'!$I$2:$I$109,MATCH(48,'All products'!$Q$2:$Q$109,0))&"","") | J53: =IFERROR(INDEX('All products'!$J$2:$J$109,MATCH(48,'All products'!$Q$2:$Q$109,0))&"","") | K53: =IFERROR(INDEX('All products'!$K$2:$K$109,MATCH(48,'All products'!$Q$2:$Q$109,0))&"","") | L53: =IFERROR(INDEX('All products'!$L$2:$L$109,MATCH(48,'All products'!$Q$2:$Q$109,0))&"","") | M53: =IFERROR(INDEX('All products'!$M$2:$M$109,MATCH(48,'All products'!$Q$2:$Q$109,0))&"","") | N53: =IFERROR(INDEX('All products'!$N$2:$N$109,MATCH(48,'All products'!$Q$2:$Q$109,0))&"","") | O53: =IFERROR(HYPERLINK(INDEX('All products'!$O$2:$O$109,MATCH(48,'All products'!$Q$2:$Q$109,0))),"")
A54: =IFERROR(INDEX('All products'!$A$2:$A$109,MATCH(49,'All products'!$Q$2:$Q$109,0))&"","") | B54: =IFERROR(INDEX('All products'!$B$2:$B$109,MATCH(49,'All products'!$Q$2:$Q$109,0))&"","") | C54: =IFERROR(INDEX('All products'!$C$2:$C$109,MATCH(49,'All products'!$Q$2:$Q$109,0))&"","") | D54: =IFERROR(INDEX('All products'!$D$2:$D$109,MATCH(49,'All products'!$Q$2:$Q$109,0))&"","") | E54: =IFERROR(INDEX('All products'!$E$2:$E$109,MATCH(49,'All products'!$Q$2:$Q$109,0))&"","") | F54: =IFERROR(INDEX('All products'!$F$2:$F$109,MATCH(49,'All products'!$Q$2:$Q$109,0))&"","") | G54: =IFERROR(INDEX('All products'!$G$2:$G$109,MATCH(49,'All products'!$Q$2:$Q$109,0))&"","") | H54: =IFERROR(INDEX('All products'!$H$2:$H$109,MATCH(49,'All products'!$Q$2:$Q$109,0))&"","") | I54: =IFERROR(INDEX('All products'!$I$2:$I$109,MATCH(49,'All products'!$Q$2:$Q$109,0))&"","") | J54: =IFERROR(INDEX('All products'!$J$2:$J$109,MATCH(49,'All products'!$Q$2:$Q$109,0))&"","") | K54: =IFERROR(INDEX('All products'!$K$2:$K$109,MATCH(49,'All products'!$Q$2:$Q$109,0))&"","") | L54: =IFERROR(INDEX('All products'!$L$2:$L$109,MATCH(49,'All products'!$Q$2:$Q$109,0))&"","") | M54: =IFERROR(INDEX('All products'!$M$2:$M$109,MATCH(49,'All products'!$Q$2:$Q$109,0))&"","") | N54: =IFERROR(INDEX('All products'!$N$2:$N$109,MATCH(49,'All products'!$Q$2:$Q$109,0))&"","") | O54: =IFERROR(HYPERLINK(INDEX('All products'!$O$2:$O$109,MATCH(49,'All products'!$Q$2:$Q$109,0))),"")
A55: =IFERROR(INDEX('All products'!$A$2:$A$109,MATCH(50,'All products'!$Q$2:$Q$109,0))&"","") | B55: =IFERROR(INDEX('All products'!$B$2:$B$109,MATCH(50,'All products'!$Q$2:$Q$109,0))&"","") | C55: =IFERROR(INDEX('All products'!$C$2:$C$109,MATCH(50,'All products'!$Q$2:$Q$109,0))&"","") | D55: =IFERROR(INDEX('All products'!$D$2:$D$109,MATCH(50,'All products'!$Q$2:$Q$109,0))&"","") | E55: =IFERROR(INDEX('All products'!$E$2:$E$109,MATCH(50,'All products'!$Q$2:$Q$109,0))&"","") | F55: =IFERROR(INDEX('All products'!$F$2:$F$109,MATCH(50,'All products'!$Q$2:$Q$109,0))&"","") | G55: =IFERROR(INDEX('All products'!$G$2:$G$109,MATCH(50,'All products'!$Q$2:$Q$109,0))&"","") | H55: =IFERROR(INDEX('All products'!$H$2:$H$109,MATCH(50,'All products'!$Q$2:$Q$109,0))&"","") | I55: =IFERROR(INDEX('All products'!$I$2:$I$109,MATCH(50,'All products'!$Q$2:$Q$109,0))&"","") | J55: =IFERROR(INDEX('All products'!$J$2:$J$109,MATCH(50,'All products'!$Q$2:$Q$109,0))&"","") | K55: =IFERROR(INDEX('All products'!$K$2:$K$109,MATCH(50,'All products'!$Q$2:$Q$109,0))&"","") | L55: =IFERROR(INDEX('All products'!$L$2:$L$109,MATCH(50,'All products'!$Q$2:$Q$109,0))&"","") | M55: =IFERROR(INDEX('All products'!$M$2:$M$109,MATCH(50,'All products'!$Q$2:$Q$109,0))&"","") | N55: =IFERROR(INDEX('All products'!$N$2:$N$109,MATCH(50,'All products'!$Q$2:$Q$109,0))&"","") | O55: =IFERROR(HYPERLINK(INDEX('All products'!$O$2:$O$109,MATCH(50,'All products'!$Q$2:$Q$109,0))),"")
A56: =IFERROR(INDEX('All products'!$A$2:$A$109,MATCH(51,'All products'!$Q$2:$Q$109,0))&"","") | B56: =IFERROR(INDEX('All products'!$B$2:$B$109,MATCH(51,'All products'!$Q$2:$Q$109,0))&"","") | C56: =IFERROR(INDEX('All products'!$C$2:$C$109,MATCH(51,'All products'!$Q$2:$Q$109,0))&"","") | D56: =IFERROR(INDEX('All products'!$D$2:$D$109,MATCH(51,'All products'!$Q$2:$Q$109,0))&"","") | E56: =IFERROR(INDEX('All products'!$E$2:$E$109,MATCH(51,'All products'!$Q$2:$Q$109,0))&"","") | F56: =IFERROR(INDEX('All products'!$F$2:$F$109,MATCH(51,'All products'!$Q$2:$Q$109,0))&"","") | G56: =IFERROR(INDEX('All products'!$G$2:$G$109,MATCH(51,'All products'!$Q$2:$Q$109,0))&"","") | H56: =IFERROR(INDEX('All products'!$H$2:$H$109,MATCH(51,'All products'!$Q$2:$Q$109,0))&"","") | I56: =IFERROR(INDEX('All products'!$I$2:$I$109,MATCH(51,'All products'!$Q$2:$Q$109,0))&"","") | J56: =IFERROR(INDEX('All products'!$J$2:$J$109,MATCH(51,'All products'!$Q$2:$Q$109,0))&"","") | K56: =IFERROR(INDEX('All products'!$K$2:$K$109,MATCH(51,'All products'!$Q$2:$Q$109,0))&"","") | L56: =IFERROR(INDEX('All products'!$L$2:$L$109,MATCH(51,'All products'!$Q$2:$Q$109,0))&"","") | M56: =IFERROR(INDEX('All products'!$M$2:$M$109,MATCH(51,'All products'!$Q$2:$Q$109,0))&"","") | N56: =IFERROR(INDEX('All products'!$N$2:$N$109,MATCH(51,'All products'!$Q$2:$Q$109,0))&"","") | O56: =IFERROR(HYPERLINK(INDEX('All products'!$O$2:$O$109,MATCH(51,'All products'!$Q$2:$Q$109,0))),"")
A57: =IFERROR(INDEX('All products'!$A$2:$A$109,MATCH(52,'All products'!$Q$2:$Q$109,0))&"","") | B57: =IFERROR(INDEX('All products'!$B$2:$B$109,MATCH(52,'All products'!$Q$2:$Q$109,0))&"","") | C57: =IFERROR(INDEX('All products'!$C$2:$C$109,MATCH(52,'All products'!$Q$2:$Q$109,0))&"","") | D57: =IFERROR(INDEX('All products'!$D$2:$D$109,MATCH(52,'All products'!$Q$2:$Q$109,0))&"","") | E57: =IFERROR(INDEX('All products'!$E$2:$E$109,MATCH(52,'All products'!$Q$2:$Q$109,0))&"","") | F57: =IFERROR(INDEX('All products'!$F$2:$F$109,MATCH(52,'All products'!$Q$2:$Q$109,0))&"","") | G57: =IFERROR(INDEX('All products'!$G$2:$G$109,MATCH(52,'All products'!$Q$2:$Q$109,0))&"","") | H57: =IFERROR(INDEX('All products'!$H$2:$H$109,MATCH(52,'All products'!$Q$2:$Q$109,0))&"","") | I57: =IFERROR(INDEX('All products'!$I$2:$I$109,MATCH(52,'All products'!$Q$2:$Q$109,0))&"","") | J57: =IFERROR(INDEX('All products'!$J$2:$J$109,MATCH(52,'All products'!$Q$2:$Q$109,0))&"","") | K57: =IFERROR(INDEX('All products'!$K$2:$K$109,MATCH(52,'All products'!$Q$2:$Q$109,0))&"","") | L57: =IFERROR(INDEX('All products'!$L$2:$L$109,MATCH(52,'All products'!$Q$2:$Q$109,0))&"","") | M57: =IFERROR(INDEX('All products'!$M$2:$M$109,MATCH(52,'All products'!$Q$2:$Q$109,0))&"","") | N57: =IFERROR(INDEX('All products'!$N$2:$N$109,MATCH(52,'All products'!$Q$2:$Q$109,0))&"","") | O57: =IFERROR(HYPERLINK(INDEX('All products'!$O$2:$O$109,MATCH(52,'All products'!$Q$2:$Q$109,0))),"")
A58: =IFERROR(INDEX('All products'!$A$2:$A$109,MATCH(53,'All products'!$Q$2:$Q$109,0))&"","") | B58: =IFERROR(INDEX('All products'!$B$2:$B$109,MATCH(53,'All products'!$Q$2:$Q$109,0))&"","") | C58: =IFERROR(INDEX('All products'!$C$2:$C$109,MATCH(53,'All products'!$Q$2:$Q$109,0))&"","") | D58: =IFERROR(INDEX('All products'!$D$2:$D$109,MATCH(53,'All products'!$Q$2:$Q$109,0))&"","") | E58: =IFERROR(INDEX('All products'!$E$2:$E$109,MATCH(53,'All products'!$Q$2:$Q$109,0))&"","") | F58: =IFERROR(INDEX('All products'!$F$2:$F$109,MATCH(53,'All products'!$Q$2:$Q$109,0))&"","") | G58: =IFERROR(INDEX('All products'!$G$2:$G$109,MATCH(53,'All products'!$Q$2:$Q$109,0))&"","") | H58: =IFERROR(INDEX('All products'!$H$2:$H$109,MATCH(53,'All products'!$Q$2:$Q$109,0))&"","") | I58: =IFERROR(INDEX('All products'!$I$2:$I$109,MATCH(53,'All products'!$Q$2:$Q$109,0))&"","") | J58: =IFERROR(INDEX('All products'!$J$2:$J$109,MATCH(53,'All products'!$Q$2:$Q$109,0))&"","") | K58: =IFERROR(INDEX('All products'!$K$2:$K$109,MATCH(53,'All products'!$Q$2:$Q$109,0))&"","") | L58: =IFERROR(INDEX('All products'!$L$2:$L$109,MATCH(53,'All products'!$Q$2:$Q$109,0))&"","") | M58: =IFERROR(INDEX('All products'!$M$2:$M$109,MATCH(53,'All products'!$Q$2:$Q$109,0))&"","") | N58: =IFERROR(INDEX('All products'!$N$2:$N$109,MATCH(53,'All products'!$Q$2:$Q$109,0))&"","") | O58: =IFERROR(HYPERLINK(INDEX('All products'!$O$2:$O$109,MATCH(53,'All products'!$Q$2:$Q$109,0))),"")
A59: =IFERROR(INDEX('All products'!$A$2:$A$109,MATCH(54,'All products'!$Q$2:$Q$109,0))&"","") | B59: =IFERROR(INDEX('All products'!$B$2:$B$109,MATCH(54,'All products'!$Q$2:$Q$109,0))&"","") | C59: =IFERROR(INDEX('All products'!$C$2:$C$109,MATCH(54,'All products'!$Q$2:$Q$109,0))&"","") | D59: =IFERROR(INDEX('All products'!$D$2:$D$109,MATCH(54,'All products'!$Q$2:$Q$109,0))&"","") | E59: =IFERROR(INDEX('All products'!$E$2:$E$109,MATCH(54,'All products'!$Q$2:$Q$109,0))&"","") | F59: =IFERROR(INDEX('All products'!$F$2:$F$109,MATCH(54,'All products'!$Q$2:$Q$109,0))&"","") | G59: =IFERROR(INDEX('All products'!$G$2:$G$109,MATCH(54,'All products'!$Q$2:$Q$109,0))&"","") | H59: =IFERROR(INDEX('All products'!$H$2:$H$109,MATCH(54,'All products'!$Q$2:$Q$109,0))&"","") | I59: =IFERROR(INDEX('All products'!$I$2:$I$109,MATCH(54,'All products'!$Q$2:$Q$109,0))&"","") | J59: =IFERROR(INDEX('All products'!$J$2:$J$109,MATCH(54,'All products'!$Q$2:$Q$109,0))&"","") | K59: =IFERROR(INDEX('All products'!$K$2:$K$109,MATCH(54,'All products'!$Q$2:$Q$109,0))&"","") | L59: =IFERROR(INDEX('All products'!$L$2:$L$109,MATCH(54,'All products'!$Q$2:$Q$109,0))&"","") | M59: =IFERROR(INDEX('All products'!$M$2:$M$109,MATCH(54,'All products'!$Q$2:$Q$109,0))&"","") | N59: =IFERROR(INDEX('All products'!$N$2:$N$109,MATCH(54,'All products'!$Q$2:$Q$109,0))&"","") | O59: =IFERROR(HYPERLINK(INDEX('All products'!$O$2:$O$109,MATCH(54,'All products'!$Q$2:$Q$109,0))),"")
A60: =IFERROR(INDEX('All products'!$A$2:$A$109,MATCH(55,'All products'!$Q$2:$Q$109,0))&"","") | B60: =IFERROR(INDEX('All products'!$B$2:$B$109,MATCH(55,'All products'!$Q$2:$Q$109,0))&"","") | C60: =IFERROR(INDEX('All products'!$C$2:$C$109,MATCH(55,'All products'!$Q$2:$Q$109,0))&"","") | D60: =IFERROR(INDEX('All products'!$D$2:$D$109,MATCH(55,'All products'!$Q$2:$Q$109,0))&"","") | E60: =IFERROR(INDEX('All products'!$E$2:$E$109,MATCH(55,'All products'!$Q$2:$Q$109,0))&"","") | F60: =IFERROR(INDEX('All products'!$F$2:$F$109,MATCH(55,'All products'!$Q$2:$Q$109,0))&"","") | G60: =IFERROR(INDEX('All products'!$G$2:$G$109,MATCH(55,'All products'!$Q$2:$Q$109,0))&"","") | H60: =IFERROR(INDEX('All products'!$H$2:$H$109,MATCH(55,'All products'!$Q$2:$Q$109,0))&"","") | I60: =IFERROR(INDEX('All products'!$I$2:$I$109,MATCH(55,'All products'!$Q$2:$Q$109,0))&"","") | J60: =IFERROR(INDEX('All products'!$J$2:$J$109,MATCH(55,'All products'!$Q$2:$Q$109,0))&"","") | K60: =IFERROR(INDEX('All products'!$K$2:$K$109,MATCH(55,'All products'!$Q$2:$Q$109,0))&"","") | L60: =IFERROR(INDEX('All products'!$L$2:$L$109,MATCH(55,'All products'!$Q$2:$Q$109,0))&"","") | M60: =IFERROR(INDEX('All products'!$M$2:$M$109,MATCH(55,'All products'!$Q$2:$Q$109,0))&"","") | N60: =IFERROR(INDEX('All products'!$N$2:$N$109,MATCH(55,'All products'!$Q$2:$Q$109,0))&"","") | O60: =IFERROR(HYPERLINK(INDEX('All products'!$O$2:$O$109,MATCH(55,'All products'!$Q$2:$Q$109,0))),"")
A61: =IFERROR(INDEX('All products'!$A$2:$A$109,MATCH(56,'All products'!$Q$2:$Q$109,0))&"","") | B61: =IFERROR(INDEX('All products'!$B$2:$B$109,MATCH(56,'All products'!$Q$2:$Q$109,0))&"","") | C61: =IFERROR(INDEX('All products'!$C$2:$C$109,MATCH(56,'All products'!$Q$2:$Q$109,0))&"","") | D61: =IFERROR(INDEX('All products'!$D$2:$D$109,MATCH(56,'All products'!$Q$2:$Q$109,0))&"","") | E61: =IFERROR(INDEX('All products'!$E$2:$E$109,MATCH(56,'All products'!$Q$2:$Q$109,0))&"","") | F61: =IFERROR(INDEX('All products'!$F$2:$F$109,MATCH(56,'All products'!$Q$2:$Q$109,0))&"","") | G61: =IFERROR(INDEX('All products'!$G$2:$G$109,MATCH(56,'All products'!$Q$2:$Q$109,0))&"","") | H61: =IFERROR(INDEX('All products'!$H$2:$H$109,MATCH(56,'All products'!$Q$2:$Q$109,0))&"","") | I61: =IFERROR(INDEX('All products'!$I$2:$I$109,MATCH(56,'All products'!$Q$2:$Q$109,0))&"","") | J61: =IFERROR(INDEX('All products'!$J$2:$J$109,MATCH(56,'All products'!$Q$2:$Q$109,0))&"","") | K61: =IFERROR(INDEX('All products'!$K$2:$K$109,MATCH(56,'All products'!$Q$2:$Q$109,0))&"","") | L61: =IFERROR(INDEX('All products'!$L$2:$L$109,MATCH(56,'All products'!$Q$2:$Q$109,0))&"","") | M61: =IFERROR(INDEX('All products'!$M$2:$M$109,MATCH(56,'All products'!$Q$2:$Q$109,0))&"","") | N61: =IFERROR(INDEX('All products'!$N$2:$N$109,MATCH(56,'All products'!$Q$2:$Q$109,0))&"","") | O61: =IFERROR(HYPERLINK(INDEX('All products'!$O$2:$O$109,MATCH(56,'All products'!$Q$2:$Q$109,0))),"")
A62: =IFERROR(INDEX('All products'!$A$2:$A$109,MATCH(57,'All products'!$Q$2:$Q$109,0))&"","") | B62: =IFERROR(INDEX('All products'!$B$2:$B$109,MATCH(57,'All products'!$Q$2:$Q$109,0))&"","") | C62: =IFERROR(INDEX('All products'!$C$2:$C$109,MATCH(57,'All products'!$Q$2:$Q$109,0))&"","") | D62: =IFERROR(INDEX('All products'!$D$2:$D$109,MATCH(57,'All products'!$Q$2:$Q$109,0))&"","") | E62: =IFERROR(INDEX('All products'!$E$2:$E$109,MATCH(57,'All products'!$Q$2:$Q$109,0))&"","") | F62: =IFERROR(INDEX('All products'!$F$2:$F$109,MATCH(57,'All products'!$Q$2:$Q$109,0))&"","") | G62: =IFERROR(INDEX('All products'!$G$2:$G$109,MATCH(57,'All products'!$Q$2:$Q$109,0))&"","") | H62: =IFERROR(INDEX('All products'!$H$2:$H$109,MATCH(57,'All products'!$Q$2:$Q$109,0))&"","") | I62: =IFERROR(INDEX('All products'!$I$2:$I$109,MATCH(57,'All products'!$Q$2:$Q$109,0))&"","") | J62: =IFERROR(INDEX('All products'!$J$2:$J$109,MATCH(57,'All products'!$Q$2:$Q$109,0))&"","") | K62: =IFERROR(INDEX('All products'!$K$2:$K$109,MATCH(57,'All products'!$Q$2:$Q$109,0))&"","") | L62: =IFERROR(INDEX('All products'!$L$2:$L$109,MATCH(57,'All products'!$Q$2:$Q$109,0))&"","") | M62: =IFERROR(INDEX('All products'!$M$2:$M$109,MATCH(57,'All products'!$Q$2:$Q$109,0))&"","") | N62: =IFERROR(INDEX('All products'!$N$2:$N$109,MATCH(57,'All products'!$Q$2:$Q$109,0))&"","") | O62: =IFERROR(HYPERLINK(INDEX('All products'!$O$2:$O$109,MATCH(57,'All products'!$Q$2:$Q$109,0))),"")
A63: =IFERROR(INDEX('All products'!$A$2:$A$109,MATCH(58,'All products'!$Q$2:$Q$109,0))&"","") | B63: =IFERROR(INDEX('All products'!$B$2:$B$109,MATCH(58,'All products'!$Q$2:$Q$109,0))&"","") | C63: =IFERROR(INDEX('All products'!$C$2:$C$109,MATCH(58,'All products'!$Q$2:$Q$109,0))&"","") | D63: =IFERROR(INDEX('All products'!$D$2:$D$109,MATCH(58,'All products'!$Q$2:$Q$109,0))&"","") | E63: =IFERROR(INDEX('All products'!$E$2:$E$109,MATCH(58,'All products'!$Q$2:$Q$109,0))&"","") | F63: =IFERROR(INDEX('All products'!$F$2:$F$109,MATCH(58,'All products'!$Q$2:$Q$109,0))&"","") | G63: =IFERROR(INDEX('All products'!$G$2:$G$109,MATCH(58,'All products'!$Q$2:$Q$109,0))&"","") | H63: =IFERROR(INDEX('All products'!$H$2:$H$109,MATCH(58,'All products'!$Q$2:$Q$109,0))&"","") | I63: =IFERROR(INDEX('All products'!$I$2:$I$109,MATCH(58,'All products'!$Q$2:$Q$109,0))&"","") | J63: =IFERROR(INDEX('All products'!$J$2:$J$109,MATCH(58,'All products'!$Q$2:$Q$109,0))&"","") | K63: =IFERROR(INDEX('All products'!$K$2:$K$109,MATCH(58,'All products'!$Q$2:$Q$109,0))&"","") | L63: =IFERROR(INDEX('All products'!$L$2:$L$109,MATCH(58,'All products'!$Q$2:$Q$109,0))&"","") | M63: =IFERROR(INDEX('All products'!$M$2:$M$109,MATCH(58,'All products'!$Q$2:$Q$109,0))&"","") | N63: =IFERROR(INDEX('All products'!$N$2:$N$109,MATCH(58,'All products'!$Q$2:$Q$109,0))&"","") | O63: =IFERROR(HYPERLINK(INDEX('All products'!$O$2:$O$109,MATCH(58,'All products'!$Q$2:$Q$109,0))),"")
A64: =IFERROR(INDEX('All products'!$A$2:$A$109,MATCH(59,'All products'!$Q$2:$Q$109,0))&"","") | B64: =IFERROR(INDEX('All products'!$B$2:$B$109,MATCH(59,'All products'!$Q$2:$Q$109,0))&"","") | C64: =IFERROR(INDEX('All products'!$C$2:$C$109,MATCH(59,'All products'!$Q$2:$Q$109,0))&"","") | D64: =IFERROR(INDEX('All products'!$D$2:$D$109,MATCH(59,'All products'!$Q$2:$Q$109,0))&"","") | E64: =IFERROR(INDEX('All products'!$E$2:$E$109,MATCH(59,'All products'!$Q$2:$Q$109,0))&"","") | F64: =IFERROR(INDEX('All products'!$F$2:$F$109,MATCH(59,'All products'!$Q$2:$Q$109,0))&"","") | G64: =IFERROR(INDEX('All products'!$G$2:$G$109,MATCH(59,'All products'!$Q$2:$Q$109,0))&"","") | H64: =IFERROR(INDEX('All products'!$H$2:$H$109,MATCH(59,'All products'!$Q$2:$Q$109,0))&"","") | I64: =IFERROR(INDEX('All products'!$I$2:$I$109,MATCH(59,'All products'!$Q$2:$Q$109,0))&"","") | J64: =IFERROR(INDEX('All products'!$J$2:$J$109,MATCH(59,'All products'!$Q$2:$Q$109,0))&"","") | K64: =IFERROR(INDEX('All products'!$K$2:$K$109,MATCH(59,'All products'!$Q$2:$Q$109,0))&"","") | L64: =IFERROR(INDEX('All products'!$L$2:$L$109,MATCH(59,'All products'!$Q$2:$Q$109,0))&"","") | M64: =IFERROR(INDEX('All products'!$M$2:$M$109,MATCH(59,'All products'!$Q$2:$Q$109,0))&"","") | N64: =IFERROR(INDEX('All products'!$N$2:$N$109,MATCH(59,'All products'!$Q$2:$Q$109,0))&"","") | O64: =IFERROR(HYPERLINK(INDEX('All products'!$O$2:$O$109,MATCH(59,'All products'!$Q$2:$Q$109,0))),"")
A65: =IFERROR(INDEX('All products'!$A$2:$A$109,MATCH(60,'All products'!$Q$2:$Q$109,0))&"","") | B65: =IFERROR(INDEX('All products'!$B$2:$B$109,MATCH(60,'All products'!$Q$2:$Q$109,0))&"","") | C65: =IFERROR(INDEX('All products'!$C$2:$C$109,MATCH(60,'All products'!$Q$2:$Q$109,0))&"","") | D65: =IFERROR(INDEX('All products'!$D$2:$D$109,MATCH(60,'All products'!$Q$2:$Q$109,0))&"","") | E65: =IFERROR(INDEX('All products'!$E$2:$E$109,MATCH(60,'All products'!$Q$2:$Q$109,0))&"","") | F65: =IFERROR(INDEX('All products'!$F$2:$F$109,MATCH(60,'All products'!$Q$2:$Q$109,0))&"","") | G65: =IFERROR(INDEX('All products'!$G$2:$G$109,MATCH(60,'All products'!$Q$2:$Q$109,0))&"","") | H65: =IFERROR(INDEX('All products'!$H$2:$H$109,MATCH(60,'All products'!$Q$2:$Q$109,0))&"","") | I65: =IFERROR(INDEX('All products'!$I$2:$I$109,MATCH(60,'All products'!$Q$2:$Q$109,0))&"","") | J65: =IFERROR(INDEX('All products'!$J$2:$J$109,MATCH(60,'All products'!$Q$2:$Q$109,0))&"","") | K65: =IFERROR(INDEX('All products'!$K$2:$K$109,MATCH(60,'All products'!$Q$2:$Q$109,0))&"","") | L65: =IFERROR(INDEX('All products'!$L$2:$L$109,MATCH(60,'All products'!$Q$2:$Q$109,0))&"","") | M65: =IFERROR(INDEX('All products'!$M$2:$M$109,MATCH(60,'All products'!$Q$2:$Q$109,0))&"","") | N65: =IFERROR(INDEX('All products'!$N$2:$N$109,MATCH(60,'All products'!$Q$2:$Q$109,0))&"","") | O65: =IFERROR(HYPERLINK(INDEX('All products'!$O$2:$O$109,MATCH(60,'All products'!$Q$2:$Q$109,0))),"")
A66: =IFERROR(INDEX('All products'!$A$2:$A$109,MATCH(61,'All products'!$Q$2:$Q$109,0))&"","") | B66: =IFERROR(INDEX('All products'!$B$2:$B$109,MATCH(61,'All products'!$Q$2:$Q$109,0))&"","") | C66: =IFERROR(INDEX('All products'!$C$2:$C$109,MATCH(61,'All products'!$Q$2:$Q$109,0))&"","") | D66: =IFERROR(INDEX('All products'!$D$2:$D$109,MATCH(61,'All products'!$Q$2:$Q$109,0))&"","") | E66: =IFERROR(INDEX('All products'!$E$2:$E$109,MATCH(61,'All products'!$Q$2:$Q$109,0))&"","") | F66: =IFERROR(INDEX('All products'!$F$2:$F$109,MATCH(61,'All products'!$Q$2:$Q$109,0))&"","") | G66: =IFERROR(INDEX('All products'!$G$2:$G$109,MATCH(61,'All products'!$Q$2:$Q$109,0))&"","") | H66: =IFERROR(INDEX('All products'!$H$2:$H$109,MATCH(61,'All products'!$Q$2:$Q$109,0))&"","") | I66: =IFERROR(INDEX('All products'!$I$2:$I$109,MATCH(61,'All products'!$Q$2:$Q$109,0))&"","") | J66: =IFERROR(INDEX('All products'!$J$2:$J$109,MATCH(61,'All products'!$Q$2:$Q$109,0))&"","") | K66: =IFERROR(INDEX('All products'!$K$2:$K$109,MATCH(61,'All products'!$Q$2:$Q$109,0))&"","") | L66: =IFERROR(INDEX('All products'!$L$2:$L$109,MATCH(61,'All products'!$Q$2:$Q$109,0))&"","") | M66: =IFERROR(INDEX('All products'!$M$2:$M$109,MATCH(61,'All products'!$Q$2:$Q$109,0))&"","") | N66: =IFERROR(INDEX('All products'!$N$2:$N$109,MATCH(61,'All products'!$Q$2:$Q$109,0))&"","") | O66: =IFERROR(HYPERLINK(INDEX('All products'!$O$2:$O$109,MATCH(61,'All products'!$Q$2:$Q$109,0))),"")
A67: =IFERROR(INDEX('All products'!$A$2:$A$109,MATCH(62,'All products'!$Q$2:$Q$109,0))&"","") | B67: =IFERROR(INDEX('All products'!$B$2:$B$109,MATCH(62,'All products'!$Q$2:$Q$109,0))&"","") | C67: =IFERROR(INDEX('All products'!$C$2:$C$109,MATCH(62,'All products'!$Q$2:$Q$109,0))&"","") | D67: =IFERROR(INDEX('All products'!$D$2:$D$109,MATCH(62,'All products'!$Q$2:$Q$109,0))&"","") | E67: =IFERROR(INDEX('All products'!$E$2:$E$109,MATCH(62,'All products'!$Q$2:$Q$109,0))&"","") | F67: =IFERROR(INDEX('All products'!$F$2:$F$109,MATCH(62,'All products'!$Q$2:$Q$109,0))&"","") | G67: =IFERROR(INDEX('All products'!$G$2:$G$109,MATCH(62,'All products'!$Q$2:$Q$109,0))&"","") | H67: =IFERROR(INDEX('All products'!$H$2:$H$109,MATCH(62,'All products'!$Q$2:$Q$109,0))&"","") | I67: =IFERROR(INDEX('All products'!$I$2:$I$109,MATCH(62,'All products'!$Q$2:$Q$109,0))&"","") | J67: =IFERROR(INDEX('All products'!$J$2:$J$109,MATCH(62,'All products'!$Q$2:$Q$109,0))&"","") | K67: =IFERROR(INDEX('All products'!$K$2:$K$109,MATCH(62,'All products'!$Q$2:$Q$109,0))&"","") | L67: =IFERROR(INDEX('All products'!$L$2:$L$109,MATCH(62,'All products'!$Q$2:$Q$109,0))&"","") | M67: =IFERROR(INDEX('All products'!$M$2:$M$109,MATCH(62,'All products'!$Q$2:$Q$109,0))&"","") | N67: =IFERROR(INDEX('All products'!$N$2:$N$109,MATCH(62,'All products'!$Q$2:$Q$109,0))&"","") | O67: =IFERROR(HYPERLINK(INDEX('All products'!$O$2:$O$109,MATCH(62,'All products'!$Q$2:$Q$109,0))),"")
A68: =IFERROR(INDEX('All products'!$A$2:$A$109,MATCH(63,'All products'!$Q$2:$Q$109,0))&"","") | B68: =IFERROR(INDEX('All products'!$B$2:$B$109,MATCH(63,'All products'!$Q$2:$Q$109,0))&"","") | C68: =IFERROR(INDEX('All products'!$C$2:$C$109,MATCH(63,'All products'!$Q$2:$Q$109,0))&"","") | D68: =IFERROR(INDEX('All products'!$D$2:$D$109,MATCH(63,'All products'!$Q$2:$Q$109,0))&"","") | E68: =IFERROR(INDEX('All products'!$E$2:$E$109,MATCH(63,'All products'!$Q$2:$Q$109,0))&"","") | F68: =IFERROR(INDEX('All products'!$F$2:$F$109,MATCH(63,'All products'!$Q$2:$Q$109,0))&"","") | G68: =IFERROR(INDEX('All products'!$G$2:$G$109,MATCH(63,'All products'!$Q$2:$Q$109,0))&"","") | H68: =IFERROR(INDEX('All products'!$H$2:$H$109,MATCH(63,'All products'!$Q$2:$Q$109,0))&"","") | I68: =IFERROR(INDEX('All products'!$I$2:$I$109,MATCH(63,'All products'!$Q$2:$Q$109,0))&"","") | J68: =IFERROR(INDEX('All products'!$J$2:$J$109,MATCH(63,'All products'!$Q$2:$Q$109,0))&"","") | K68: =IFERROR(INDEX('All products'!$K$2:$K$109,MATCH(63,'All products'!$Q$2:$Q$109,0))&"","") | L68: =IFERROR(INDEX('All products'!$L$2:$L$109,MATCH(63,'All products'!$Q$2:$Q$109,0))&"","") | M68: =IFERROR(INDEX('All products'!$M$2:$M$109,MATCH(63,'All products'!$Q$2:$Q$109,0))&"","") | N68: =IFERROR(INDEX('All products'!$N$2:$N$109,MATCH(63,'All products'!$Q$2:$Q$109,0))&"","") | O68: =IFERROR(HYPERLINK(INDEX('All products'!$O$2:$O$109,MATCH(63,'All products'!$Q$2:$Q$109,0))),"")
A69: =IFERROR(INDEX('All products'!$A$2:$A$109,MATCH(64,'All products'!$Q$2:$Q$109,0))&"","") | B69: =IFERROR(INDEX('All products'!$B$2:$B$109,MATCH(64,'All products'!$Q$2:$Q$109,0))&"","") | C69: =IFERROR(INDEX('All products'!$C$2:$C$109,MATCH(64,'All products'!$Q$2:$Q$109,0))&"","") | D69: =IFERROR(INDEX('All products'!$D$2:$D$109,MATCH(64,'All products'!$Q$2:$Q$109,0))&"","") | E69: =IFERROR(INDEX('All products'!$E$2:$E$109,MATCH(64,'All products'!$Q$2:$Q$109,0))&"","") | F69: =IFERROR(INDEX('All products'!$F$2:$F$109,MATCH(64,'All products'!$Q$2:$Q$109,0))&"","") | G69: =IFERROR(INDEX('All products'!$G$2:$G$109,MATCH(64,'All products'!$Q$2:$Q$109,0))&"","") | H69: =IFERROR(INDEX('All products'!$H$2:$H$109,MATCH(64,'All products'!$Q$2:$Q$109,0))&"","") | I69: =IFERROR(INDEX('All products'!$I$2:$I$109,MATCH(64,'All products'!$Q$2:$Q$109,0))&"","") | J69: =IFERROR(INDEX('All products'!$J$2:$J$109,MATCH(64,'All products'!$Q$2:$Q$109,0))&"","") | K69: =IFERROR(INDEX('All products'!$K$2:$K$109,MATCH(64,'All products'!$Q$2:$Q$109,0))&"","") | L69: =IFERROR(INDEX('All products'!$L$2:$L$109,MATCH(64,'All products'!$Q$2:$Q$109,0))&"","") | M69: =IFERROR(INDEX('All products'!$M$2:$M$109,MATCH(64,'All products'!$Q$2:$Q$109,0))&"","") | N69: =IFERROR(INDEX('All products'!$N$2:$N$109,MATCH(64,'All products'!$Q$2:$Q$109,0))&"","") | O69: =IFERROR(HYPERLINK(INDEX('All products'!$O$2:$O$109,MATCH(64,'All products'!$Q$2:$Q$109,0))),"")
A70: =IFERROR(INDEX('All products'!$A$2:$A$109,MATCH(65,'All products'!$Q$2:$Q$109,0))&"","") | B70: =IFERROR(INDEX('All products'!$B$2:$B$109,MATCH(65,'All products'!$Q$2:$Q$109,0))&"","") | C70: =IFERROR(INDEX('All products'!$C$2:$C$109,MATCH(65,'All products'!$Q$2:$Q$109,0))&"","") | D70: =IFERROR(INDEX('All products'!$D$2:$D$109,MATCH(65,'All products'!$Q$2:$Q$109,0))&"","") | E70: =IFERROR(INDEX('All products'!$E$2:$E$109,MATCH(65,'All products'!$Q$2:$Q$109,0))&"","") | F70: =IFERROR(INDEX('All products'!$F$2:$F$109,MATCH(65,'All products'!$Q$2:$Q$109,0))&"","") | G70: =IFERROR(INDEX('All products'!$G$2:$G$109,MATCH(65,'All products'!$Q$2:$Q$109,0))&"","") | H70: =IFERROR(INDEX('All products'!$H$2:$H$109,MATCH(65,'All products'!$Q$2:$Q$109,0))&"","") | I70: =IFERROR(INDEX('All products'!$I$2:$I$109,MATCH(65,'All products'!$Q$2:$Q$109,0))&"","") | J70: =IFERROR(INDEX('All products'!$J$2:$J$109,MATCH(65,'All products'!$Q$2:$Q$109,0))&"","") | K70: =IFERROR(INDEX('All products'!$K$2:$K$109,MATCH(65,'All products'!$Q$2:$Q$109,0))&"","") | L70: =IFERROR(INDEX('All products'!$L$2:$L$109,MATCH(65,'All products'!$Q$2:$Q$109,0))&"","") | M70: =IFERROR(INDEX('All products'!$M$2:$M$109,MATCH(65,'All products'!$Q$2:$Q$109,0))&"","") | N70: =IFERROR(INDEX('All products'!$N$2:$N$109,MATCH(65,'All products'!$Q$2:$Q$109,0))&"","") | O70: =IFERROR(HYPERLINK(INDEX('All products'!$O$2:$O$109,MATCH(65,'All products'!$Q$2:$Q$109,0))),"")
A71: =IFERROR(INDEX('All products'!$A$2:$A$109,MATCH(66,'All products'!$Q$2:$Q$109,0))&"","") | B71: =IFERROR(INDEX('All products'!$B$2:$B$109,MATCH(66,'All products'!$Q$2:$Q$109,0))&"","") | C71: =IFERROR(INDEX('All products'!$C$2:$C$109,MATCH(66,'All products'!$Q$2:$Q$109,0))&"","") | D71: =IFERROR(INDEX('All products'!$D$2:$D$109,MATCH(66,'All products'!$Q$2:$Q$109,0))&"","") | E71: =IFERROR(INDEX('All products'!$E$2:$E$109,MATCH(66,'All products'!$Q$2:$Q$109,0))&"","") | F71: =IFERROR(INDEX('All products'!$F$2:$F$109,MATCH(66,'All products'!$Q$2:$Q$109,0))&"","") | G71: =IFERROR(INDEX('All products'!$G$2:$G$109,MATCH(66,'All products'!$Q$2:$Q$109,0))&"","") | H71: =IFERROR(INDEX('All products'!$H$2:$H$109,MATCH(66,'All products'!$Q$2:$Q$109,0))&"","") | I71: =IFERROR(INDEX('All products'!$I$2:$I$109,MATCH(66,'All products'!$Q$2:$Q$109,0))&"","") | J71: =IFERROR(INDEX('All products'!$J$2:$J$109,MATCH(66,'All products'!$Q$2:$Q$109,0))&"","") | K71: =IFERROR(INDEX('All products'!$K$2:$K$109,MATCH(66,'All products'!$Q$2:$Q$109,0))&"","") | L71: =IFERROR(INDEX('All products'!$L$2:$L$109,MATCH(66,'All products'!$Q$2:$Q$109,0))&"","") | M71: =IFERROR(INDEX('All products'!$M$2:$M$109,MATCH(66,'All products'!$Q$2:$Q$109,0))&"","") | N71: =IFERROR(INDEX('All products'!$N$2:$N$109,MATCH(66,'All products'!$Q$2:$Q$109,0))&"","") | O71: =IFERROR(HYPERLINK(INDEX('All products'!$O$2:$O$109,MATCH(66,'All products'!$Q$2:$Q$109,0))),"")
A72: =IFERROR(INDEX('All products'!$A$2:$A$109,MATCH(67,'All products'!$Q$2:$Q$109,0))&"","") | B72: =IFERROR(INDEX('All products'!$B$2:$B$109,MATCH(67,'All products'!$Q$2:$Q$109,0))&"","") | C72: =IFERROR(INDEX('All products'!$C$2:$C$109,MATCH(67,'All products'!$Q$2:$Q$109,0))&"","") | D72: =IFERROR(INDEX('All products'!$D$2:$D$109,MATCH(67,'All products'!$Q$2:$Q$109,0))&"","") | E72: =IFERROR(INDEX('All products'!$E$2:$E$109,MATCH(67,'All products'!$Q$2:$Q$109,0))&"","") | F72: =IFERROR(INDEX('All products'!$F$2:$F$109,MATCH(67,'All products'!$Q$2:$Q$109,0))&"","") | G72: =IFERROR(INDEX('All products'!$G$2:$G$109,MATCH(67,'All products'!$Q$2:$Q$109,0))&"","") | H72: =IFERROR(INDEX('All products'!$H$2:$H$109,MATCH(67,'All products'!$Q$2:$Q$109,0))&"","") | I72: =IFERROR(INDEX('All products'!$I$2:$I$109,MATCH(67,'All products'!$Q$2:$Q$109,0))&"","") | J72: =IFERROR(INDEX('All products'!$J$2:$J$109,MATCH(67,'All products'!$Q$2:$Q$109,0))&"","") | K72: =IFERROR(INDEX('All products'!$K$2:$K$109,MATCH(67,'All products'!$Q$2:$Q$109,0))&"","") | L72: =IFERROR(INDEX('All products'!$L$2:$L$109,MATCH(67,'All products'!$Q$2:$Q$109,0))&"","") | M72: =IFERROR(INDEX('All products'!$M$2:$M$109,MATCH(67,'All products'!$Q$2:$Q$109,0))&"","") | N72: =IFERROR(INDEX('All products'!$N$2:$N$109,MATCH(67,'All products'!$Q$2:$Q$109,0))&"","") | O72: =IFERROR(HYPERLINK(INDEX('All products'!$O$2:$O$109,MATCH(67,'All products'!$Q$2:$Q$109,0))),"")
A73: =IFERROR(INDEX('All products'!$A$2:$A$109,MATCH(68,'All products'!$Q$2:$Q$109,0))&"","") | B73: =IFERROR(INDEX('All products'!$B$2:$B$109,MATCH(68,'All products'!$Q$2:$Q$109,0))&"","") | C73: =IFERROR(INDEX('All products'!$C$2:$C$109,MATCH(68,'All products'!$Q$2:$Q$109,0))&"","") | D73: =IFERROR(INDEX('All products'!$D$2:$D$109,MATCH(68,'All products'!$Q$2:$Q$109,0))&"","") | E73: =IFERROR(INDEX('All products'!$E$2:$E$109,MATCH(68,'All products'!$Q$2:$Q$109,0))&"","") | F73: =IFERROR(INDEX('All products'!$F$2:$F$109,MATCH(68,'All products'!$Q$2:$Q$109,0))&"","") | G73: =IFERROR(INDEX('All products'!$G$2:$G$109,MATCH(68,'All products'!$Q$2:$Q$109,0))&"","") | H73: =IFERROR(INDEX('All products'!$H$2:$H$109,MATCH(68,'All products'!$Q$2:$Q$109,0))&"","") | I73: =IFERROR(INDEX('All products'!$I$2:$I$109,MATCH(68,'All products'!$Q$2:$Q$109,0))&"","") | J73: =IFERROR(INDEX('All products'!$J$2:$J$109,MATCH(68,'All products'!$Q$2:$Q$109,0))&"","") | K73: =IFERROR(INDEX('All products'!$K$2:$K$109,MATCH(68,'All products'!$Q$2:$Q$109,0))&"","") | L73: =IFERROR(INDEX('All products'!$L$2:$L$109,MATCH(68,'All products'!$Q$2:$Q$109,0))&"","") | M73: =IFERROR(INDEX('All products'!$M$2:$M$109,MATCH(68,'All products'!$Q$2:$Q$109,0))&"","") | N73: =IFERROR(INDEX('All products'!$N$2:$N$109,MATCH(68,'All products'!$Q$2:$Q$109,0))&"","") | O73: =IFERROR(HYPERLINK(INDEX('All products'!$O$2:$O$109,MATCH(68,'All products'!$Q$2:$Q$109,0))),"")
A74: =IFERROR(INDEX('All products'!$A$2:$A$109,MATCH(69,'All products'!$Q$2:$Q$109,0))&"","") | B74: =IFERROR(INDEX('All products'!$B$2:$B$109,MATCH(69,'All products'!$Q$2:$Q$109,0))&"","") | C74: =IFERROR(INDEX('All products'!$C$2:$C$109,MATCH(69,'All products'!$Q$2:$Q$109,0))&"","") | D74: =IFERROR(INDEX('All products'!$D$2:$D$109,MATCH(69,'All products'!$Q$2:$Q$109,0))&"","") | E74: =IFERROR(INDEX('All products'!$E$2:$E$109,MATCH(69,'All products'!$Q$2:$Q$109,0))&"","") | F74: =IFERROR(INDEX('All products'!$F$2:$F$109,MATCH(69,'All products'!$Q$2:$Q$109,0))&"","") | G74: =IFERROR(INDEX('All products'!$G$2:$G$109,MATCH(69,'All products'!$Q$2:$Q$109,0))&"","") | H74: =IFERROR(INDEX('All products'!$H$2:$H$109,MATCH(69,'All products'!$Q$2:$Q$109,0))&"","") | I74: =IFERROR(INDEX('All products'!$I$2:$I$109,MATCH(69,'All products'!$Q$2:$Q$109,0))&"","") | J74: =IFERROR(INDEX('All products'!$J$2:$J$109,MATCH(69,'All products'!$Q$2:$Q$109,0))&"","") | K74: =IFERROR(INDEX('All products'!$K$2:$K$109,MATCH(69,'All products'!$Q$2:$Q$109,0))&"","") | L74: =IFERROR(INDEX('All products'!$L$2:$L$109,MATCH(69,'All products'!$Q$2:$Q$109,0))&"","") | M74: =IFERROR(INDEX('All products'!$M$2:$M$109,MATCH(69,'All products'!$Q$2:$Q$109,0))&"","") | N74: =IFERROR(INDEX('All products'!$N$2:$N$109,MATCH(69,'All products'!$Q$2:$Q$109,0))&"","") | O74: =IFERROR(HYPERLINK(INDEX('All products'!$O$2:$O$109,MATCH(69,'All products'!$Q$2:$Q$109,0))),"")
A75: =IFERROR(INDEX('All products'!$A$2:$A$109,MATCH(70,'All products'!$Q$2:$Q$109,0))&"","") | B75: =IFERROR(INDEX('All products'!$B$2:$B$109,MATCH(70,'All products'!$Q$2:$Q$109,0))&"","") | C75: =IFERROR(INDEX('All products'!$C$2:$C$109,MATCH(70,'All products'!$Q$2:$Q$109,0))&"","") | D75: =IFERROR(INDEX('All products'!$D$2:$D$109,MATCH(70,'All products'!$Q$2:$Q$109,0))&"","") | E75: =IFERROR(INDEX('All products'!$E$2:$E$109,MATCH(70,'All products'!$Q$2:$Q$109,0))&"","") | F75: =IFERROR(INDEX('All products'!$F$2:$F$109,MATCH(70,'All products'!$Q$2:$Q$109,0))&"","") | G75: =IFERROR(INDEX('All products'!$G$2:$G$109,MATCH(70,'All products'!$Q$2:$Q$109,0))&"","") | H75: =IFERROR(INDEX('All products'!$H$2:$H$109,MATCH(70,'All products'!$Q$2:$Q$109,0))&"","") | I75: =IFERROR(INDEX('All products'!$I$2:$I$109,MATCH(70,'All products'!$Q$2:$Q$109,0))&"","") | J75: =IFERROR(INDEX('All products'!$J$2:$J$109,MATCH(70,'All products'!$Q$2:$Q$109,0))&"","") | K75: =IFERROR(INDEX('All products'!$K$2:$K$109,MATCH(70,'All products'!$Q$2:$Q$109,0))&"","") | L75: =IFERROR(INDEX('All products'!$L$2:$L$109,MATCH(70,'All products'!$Q$2:$Q$109,0))&"","") | M75: =IFERROR(INDEX('All products'!$M$2:$M$109,MATCH(70,'All products'!$Q$2:$Q$109,0))&"","") | N75: =IFERROR(INDEX('All products'!$N$2:$N$109,MATCH(70,'All products'!$Q$2:$Q$109,0))&"","") | O75: =IFERROR(HYPERLINK(INDEX('All products'!$O$2:$O$109,MATCH(70,'All products'!$Q$2:$Q$109,0))),"")
A76: =IFERROR(INDEX('All products'!$A$2:$A$109,MATCH(71,'All products'!$Q$2:$Q$109,0))&"","") | B76: =IFERROR(INDEX('All products'!$B$2:$B$109,MATCH(71,'All products'!$Q$2:$Q$109,0))&"","") | C76: =IFERROR(INDEX('All products'!$C$2:$C$109,MATCH(71,'All products'!$Q$2:$Q$109,0))&"","") | D76: =IFERROR(INDEX('All products'!$D$2:$D$109,MATCH(71,'All products'!$Q$2:$Q$109,0))&"","") | E76: =IFERROR(INDEX('All products'!$E$2:$E$109,MATCH(71,'All products'!$Q$2:$Q$109,0))&"","") | F76: =IFERROR(INDEX('All products'!$F$2:$F$109,MATCH(71,'All products'!$Q$2:$Q$109,0))&"","") | G76: =IFERROR(INDEX('All products'!$G$2:$G$109,MATCH(71,'All products'!$Q$2:$Q$109,0))&"","") | H76: =IFERROR(INDEX('All products'!$H$2:$H$109,MATCH(71,'All products'!$Q$2:$Q$109,0))&"","") | I76: =IFERROR(INDEX('All products'!$I$2:$I$109,MATCH(71,'All products'!$Q$2:$Q$109,0))&"","") | J76: =IFERROR(INDEX('All products'!$J$2:$J$109,MATCH(71,'All products'!$Q$2:$Q$109,0))&"","") | K76: =IFERROR(INDEX('All products'!$K$2:$K$109,MATCH(71,'All products'!$Q$2:$Q$109,0))&"","") | L76: =IFERROR(INDEX('All products'!$L$2:$L$109,MATCH(71,'All products'!$Q$2:$Q$109,0))&"","") | M76: =IFERROR(INDEX('All products'!$M$2:$M$109,MATCH(71,'All products'!$Q$2:$Q$109,0))&"","") | N76: =IFERROR(INDEX('All products'!$N$2:$N$109,MATCH(71,'All products'!$Q$2:$Q$109,0))&"","") | O76: =IFERROR(HYPERLINK(INDEX('All products'!$O$2:$O$109,MATCH(71,'All products'!$Q$2:$Q$109,0))),"")
A77: =IFERROR(INDEX('All products'!$A$2:$A$109,MATCH(72,'All products'!$Q$2:$Q$109,0))&"","") | B77: =IFERROR(INDEX('All products'!$B$2:$B$109,MATCH(72,'All products'!$Q$2:$Q$109,0))&"","") | C77: =IFERROR(INDEX('All products'!$C$2:$C$109,MATCH(72,'All products'!$Q$2:$Q$109,0))&"","") | D77: =IFERROR(INDEX('All products'!$D$2:$D$109,MATCH(72,'All products'!$Q$2:$Q$109,0))&"","") | E77: =IFERROR(INDEX('All products'!$E$2:$E$109,MATCH(72,'All products'!$Q$2:$Q$109,0))&"","") | F77: =IFERROR(INDEX('All products'!$F$2:$F$109,MATCH(72,'All products'!$Q$2:$Q$109,0))&"","") | G77: =IFERROR(INDEX('All products'!$G$2:$G$109,MATCH(72,'All products'!$Q$2:$Q$109,0))&"","") | H77: =IFERROR(INDEX('All products'!$H$2:$H$109,MATCH(72,'All products'!$Q$2:$Q$109,0))&"","") | I77: =IFERROR(INDEX('All products'!$I$2:$I$109,MATCH(72,'All products'!$Q$2:$Q$109,0))&"","") | J77: =IFERROR(INDEX('All products'!$J$2:$J$109,MATCH(72,'All products'!$Q$2:$Q$109,0))&"","") | K77: =IFERROR(INDEX('All products'!$K$2:$K$109,MATCH(72,'All products'!$Q$2:$Q$109,0))&"","") | L77: =IFERROR(INDEX('All products'!$L$2:$L$109,MATCH(72,'All products'!$Q$2:$Q$109,0))&"","") | M77: =IFERROR(INDEX('All products'!$M$2:$M$109,MATCH(72,'All products'!$Q$2:$Q$109,0))&"","") | N77: =IFERROR(INDEX('All products'!$N$2:$N$109,MATCH(72,'All products'!$Q$2:$Q$109,0))&"","") | O77: =IFERROR(HYPERLINK(INDEX('All products'!$O$2:$O$109,MATCH(72,'All products'!$Q$2:$Q$109,0))),"")
A78: =IFERROR(INDEX('All products'!$A$2:$A$109,MATCH(73,'All products'!$Q$2:$Q$109,0))&"","") | B78: =IFERROR(INDEX('All products'!$B$2:$B$109,MATCH(73,'All products'!$Q$2:$Q$109,0))&"","") | C78: =IFERROR(INDEX('All products'!$C$2:$C$109,MATCH(73,'All products'!$Q$2:$Q$109,0))&"","") | D78: =IFERROR(INDEX('All products'!$D$2:$D$109,MATCH(73,'All products'!$Q$2:$Q$109,0))&"","") | E78: =IFERROR(INDEX('All products'!$E$2:$E$109,MATCH(73,'All products'!$Q$2:$Q$109,0))&"","") | F78: =IFERROR(INDEX('All products'!$F$2:$F$109,MATCH(73,'All products'!$Q$2:$Q$109,0))&"","") | G78: =IFERROR(INDEX('All products'!$G$2:$G$109,MATCH(73,'All products'!$Q$2:$Q$109,0))&"","") | H78: =IFERROR(INDEX('All products'!$H$2:$H$109,MATCH(73,'All products'!$Q$2:$Q$109,0))&"","") | I78: =IFERROR(INDEX('All products'!$I$2:$I$109,MATCH(73,'All products'!$Q$2:$Q$109,0))&"","") | J78: =IFERROR(INDEX('All products'!$J$2:$J$109,MATCH(73,'All products'!$Q$2:$Q$109,0))&"","") | K78: =IFERROR(INDEX('All products'!$K$2:$K$109,MATCH(73,'All products'!$Q$2:$Q$109,0))&"","") | L78: =IFERROR(INDEX('All products'!$L$2:$L$109,MATCH(73,'All products'!$Q$2:$Q$109,0))&"","") | M78: =IFERROR(INDEX('All products'!$M$2:$M$109,MATCH(73,'All products'!$Q$2:$Q$109,0))&"","") | N78: =IFERROR(INDEX('All products'!$N$2:$N$109,MATCH(73,'All products'!$Q$2:$Q$109,0))&"","") | O78: =IFERROR(HYPERLINK(INDEX('All products'!$O$2:$O$109,MATCH(73,'All products'!$Q$2:$Q$109,0))),"")
A79: =IFERROR(INDEX('All products'!$A$2:$A$109,MATCH(74,'All products'!$Q$2:$Q$109,0))&"","") | B79: =IFERROR(INDEX('All products'!$B$2:$B$109,MATCH(74,'All products'!$Q$2:$Q$109,0))&"","") | C79: =IFERROR(INDEX('All products'!$C$2:$C$109,MATCH(74,'All products'!$Q$2:$Q$109,0))&"","") | D79: =IFERROR(INDEX('All products'!$D$2:$D$109,MATCH(74,'All products'!$Q$2:$Q$109,0))&"","") | E79: =IFERROR(INDEX('All products'!$E$2:$E$109,MATCH(74,'All products'!$Q$2:$Q$109,0))&"","") | F79: =IFERROR(INDEX('All products'!$F$2:$F$109,MATCH(74,'All products'!$Q$2:$Q$109,0))&"","") | G79: =IFERROR(INDEX('All products'!$G$2:$G$109,MATCH(74,'All products'!$Q$2:$Q$109,0))&"","") | H79: =IFERROR(INDEX('All products'!$H$2:$H$109,MATCH(74,'All products'!$Q$2:$Q$109,0))&"","") | I79: =IFERROR(INDEX('All products'!$I$2:$I$109,MATCH(74,'All products'!$Q$2:$Q$109,0))&"","") | J79: =IFERROR(INDEX('All products'!$J$2:$J$109,MATCH(74,'All products'!$Q$2:$Q$109,0))&"","") | K79: =IFERROR(INDEX('All products'!$K$2:$K$109,MATCH(74,'All products'!$Q$2:$Q$109,0))&"","") | L79: =IFERROR(INDEX('All products'!$L$2:$L$109,MATCH(74,'All products'!$Q$2:$Q$109,0))&"","") | M79: =IFERROR(INDEX('All products'!$M$2:$M$109,MATCH(74,'All products'!$Q$2:$Q$109,0))&"","") | N79: =IFERROR(INDEX('All products'!$N$2:$N$109,MATCH(74,'All products'!$Q$2:$Q$109,0))&"","") | O79: =IFERROR(HYPERLINK(INDEX('All products'!$O$2:$O$109,MATCH(74,'All products'!$Q$2:$Q$109,0))),"")
A80: =IFERROR(INDEX('All products'!$A$2:$A$109,MATCH(75,'All products'!$Q$2:$Q$109,0))&"","") | B80: =IFERROR(INDEX('All products'!$B$2:$B$109,MATCH(75,'All products'!$Q$2:$Q$109,0))&"","") | C80: =IFERROR(INDEX('All products'!$C$2:$C$109,MATCH(75,'All products'!$Q$2:$Q$109,0))&"","") | D80: =IFERROR(INDEX('All products'!$D$2:$D$109,MATCH(75,'All products'!$Q$2:$Q$109,0))&"","") | E80: =IFERROR(INDEX('All products'!$E$2:$E$109,MATCH(75,'All products'!$Q$2:$Q$109,0))&"","") | F80: =IFERROR(INDEX('All products'!$F$2:$F$109,MATCH(75,'All products'!$Q$2:$Q$109,0))&"","") | G80: =IFERROR(INDEX('All products'!$G$2:$G$109,MATCH(75,'All products'!$Q$2:$Q$109,0))&"","") | H80: =IFERROR(INDEX('All products'!$H$2:$H$109,MATCH(75,'All products'!$Q$2:$Q$109,0))&"","") | I80: =IFERROR(INDEX('All products'!$I$2:$I$109,MATCH(75,'All products'!$Q$2:$Q$109,0))&"","") | J80: =IFERROR(INDEX('All products'!$J$2:$J$109,MATCH(75,'All products'!$Q$2:$Q$109,0))&"","") | K80: =IFERROR(INDEX('All products'!$K$2:$K$109,MATCH(75,'All products'!$Q$2:$Q$109,0))&"","") | L80: =IFERROR(INDEX('All products'!$L$2:$L$109,MATCH(75,'All products'!$Q$2:$Q$109,0))&"","") | M80: =IFERROR(INDEX('All products'!$M$2:$M$109,MATCH(75,'All products'!$Q$2:$Q$109,0))&"","") | N80: =IFERROR(INDEX('All products'!$N$2:$N$109,MATCH(75,'All products'!$Q$2:$Q$109,0))&"","") | O80: =IFERROR(HYPERLINK(INDEX('All products'!$O$2:$O$109,MATCH(75,'All products'!$Q$2:$Q$109,0))),"")
A81: =IFERROR(INDEX('All products'!$A$2:$A$109,MATCH(76,'All products'!$Q$2:$Q$109,0))&"","") | B81: =IFERROR(INDEX('All products'!$B$2:$B$109,MATCH(76,'All products'!$Q$2:$Q$109,0))&"","") | C81: =IFERROR(INDEX('All products'!$C$2:$C$109,MATCH(76,'All products'!$Q$2:$Q$109,0))&"","") | D81: =IFERROR(INDEX('All products'!$D$2:$D$109,MATCH(76,'All products'!$Q$2:$Q$109,0))&"","") | E81: =IFERROR(INDEX('All products'!$E$2:$E$109,MATCH(76,'All products'!$Q$2:$Q$109,0))&"","") | F81: =IFERROR(INDEX('All products'!$F$2:$F$109,MATCH(76,'All products'!$Q$2:$Q$109,0))&"","") | G81: =IFERROR(INDEX('All products'!$G$2:$G$109,MATCH(76,'All products'!$Q$2:$Q$109,0))&"","") | H81: =IFERROR(INDEX('All products'!$H$2:$H$109,MATCH(76,'All products'!$Q$2:$Q$109,0))&"","") | I81: =IFERROR(INDEX('All products'!$I$2:$I$109,MATCH(76,'All products'!$Q$2:$Q$109,0))&"","") | J81: =IFERROR(INDEX('All products'!$J$2:$J$109,MATCH(76,'All products'!$Q$2:$Q$109,0))&"","") | K81: =IFERROR(INDEX('All products'!$K$2:$K$109,MATCH(76,'All products'!$Q$2:$Q$109,0))&"","") | L81: =IFERROR(INDEX('All products'!$L$2:$L$109,MATCH(76,'All products'!$Q$2:$Q$109,0))&"","") | M81: =IFERROR(INDEX('All products'!$M$2:$M$109,MATCH(76,'All products'!$Q$2:$Q$109,0))&"","") | N81: =IFERROR(INDEX('All products'!$N$2:$N$109,MATCH(76,'All products'!$Q$2:$Q$109,0))&"","") | O81: =IFERROR(HYPERLINK(INDEX('All products'!$O$2:$O$109,MATCH(76,'All products'!$Q$2:$Q$109,0))),"")
A82: =IFERROR(INDEX('All products'!$A$2:$A$109,MATCH(77,'All products'!$Q$2:$Q$109,0))&"","") | B82: =IFERROR(INDEX('All products'!$B$2:$B$109,MATCH(77,'All products'!$Q$2:$Q$109,0))&"","") | C82: =IFERROR(INDEX('All products'!$C$2:$C$109,MATCH(77,'All products'!$Q$2:$Q$109,0))&"","") | D82: =IFERROR(INDEX('All products'!$D$2:$D$109,MATCH(77,'All products'!$Q$2:$Q$109,0))&"","") | E82: =IFERROR(INDEX('All products'!$E$2:$E$109,MATCH(77,'All products'!$Q$2:$Q$109,0))&"","") | F82: =IFERROR(INDEX('All products'!$F$2:$F$109,MATCH(77,'All products'!$Q$2:$Q$109,0))&"","") | G82: =IFERROR(INDEX('All products'!$G$2:$G$109,MATCH(77,'All products'!$Q$2:$Q$109,0))&"","") | H82: =IFERROR(INDEX('All products'!$H$2:$H$109,MATCH(77,'All products'!$Q$2:$Q$109,0))&"","") | I82: =IFERROR(INDEX('All products'!$I$2:$I$109,MATCH(77,'All products'!$Q$2:$Q$109,0))&"","") | J82: =IFERROR(INDEX('All products'!$J$2:$J$109,MATCH(77,'All products'!$Q$2:$Q$109,0))&"","") | K82: =IFERROR(INDEX('All products'!$K$2:$K$109,MATCH(77,'All products'!$Q$2:$Q$109,0))&"","") | L82: =IFERROR(INDEX('All products'!$L$2:$L$109,MATCH(77,'All products'!$Q$2:$Q$109,0))&"","") | M82: =IFERROR(INDEX('All products'!$M$2:$M$109,MATCH(77,'All products'!$Q$2:$Q$109,0))&"","") | N82: =IFERROR(INDEX('All products'!$N$2:$N$109,MATCH(77,'All products'!$Q$2:$Q$109,0))&"","") | O82: =IFERROR(HYPERLINK(INDEX('All products'!$O$2:$O$109,MATCH(77,'All products'!$Q$2:$Q$109,0))),"")
A83: =IFERROR(INDEX('All products'!$A$2:$A$109,MATCH(78,'All products'!$Q$2:$Q$109,0))&"","") | B83: =IFERROR(INDEX('All products'!$B$2:$B$109,MATCH(78,'All products'!$Q$2:$Q$109,0))&"","") | C83: =IFERROR(INDEX('All products'!$C$2:$C$109,MATCH(78,'All products'!$Q$2:$Q$109,0))&"","") | D83: =IFERROR(INDEX('All products'!$D$2:$D$109,MATCH(78,'All products'!$Q$2:$Q$109,0))&"","") | E83: =IFERROR(INDEX('All products'!$E$2:$E$109,MATCH(78,'All products'!$Q$2:$Q$109,0))&"","") | F83: =IFERROR(INDEX('All products'!$F$2:$F$109,MATCH(78,'All products'!$Q$2:$Q$109,0))&"","") | G83: =IFERROR(INDEX('All products'!$G$2:$G$109,MATCH(78,'All products'!$Q$2:$Q$109,0))&"","") | H83: =IFERROR(INDEX('All products'!$H$2:$H$109,MATCH(78,'All products'!$Q$2:$Q$109,0))&"","") | I83: =IFERROR(INDEX('All products'!$I$2:$I$109,MATCH(78,'All products'!$Q$2:$Q$109,0))&"","") | J83: =IFERROR(INDEX('All products'!$J$2:$J$109,MATCH(78,'All products'!$Q$2:$Q$109,0))&"","") | K83: =IFERROR(INDEX('All products'!$K$2:$K$109,MATCH(78,'All products'!$Q$2:$Q$109,0))&"","") | L83: =IFERROR(INDEX('All products'!$L$2:$L$109,MATCH(78,'All products'!$Q$2:$Q$109,0))&"","") | M83: =IFERROR(INDEX('All products'!$M$2:$M$109,MATCH(78,'All products'!$Q$2:$Q$109,0))&"","") | N83: =IFERROR(INDEX('All products'!$N$2:$N$109,MATCH(78,'All products'!$Q$2:$Q$109,0))&"","") | O83: =IFERROR(HYPERLINK(INDEX('All products'!$O$2:$O$109,MATCH(78,'All products'!$Q$2:$Q$109,0))),"")
A84: =IFERROR(INDEX('All products'!$A$2:$A$109,MATCH(79,'All products'!$Q$2:$Q$109,0))&"","") | B84: =IFERROR(INDEX('All products'!$B$2:$B$109,MATCH(79,'All products'!$Q$2:$Q$109,0))&"","") | C84: =IFERROR(INDEX('All products'!$C$2:$C$109,MATCH(79,'All products'!$Q$2:$Q$109,0))&"","") | D84: =IFERROR(INDEX('All products'!$D$2:$D$109,MATCH(79,'All products'!$Q$2:$Q$109,0))&"","") | E84: =IFERROR(INDEX('All products'!$E$2:$E$109,MATCH(79,'All products'!$Q$2:$Q$109,0))&"","") | F84: =IFERROR(INDEX('All products'!$F$2:$F$109,MATCH(79,'All products'!$Q$2:$Q$109,0))&"","") | G84: =IFERROR(INDEX('All products'!$G$2:$G$109,MATCH(79,'All products'!$Q$2:$Q$109,0))&"","") | H84: =IFERROR(INDEX('All products'!$H$2:$H$109,MATCH(79,'All products'!$Q$2:$Q$109,0))&"","") | I84: =IFERROR(INDEX('All products'!$I$2:$I$109,MATCH(79,'All products'!$Q$2:$Q$109,0))&"","") | J84: =IFERROR(INDEX('All products'!$J$2:$J$109,MATCH(79,'All products'!$Q$2:$Q$109,0))&"","") | K84: =IFERROR(INDEX('All products'!$K$2:$K$109,MATCH(79,'All products'!$Q$2:$Q$109,0))&"","") | L84: =IFERROR(INDEX('All products'!$L$2:$L$109,MATCH(79,'All products'!$Q$2:$Q$109,0))&"","") | M84: =IFERROR(INDEX('All products'!$M$2:$M$109,MATCH(79,'All products'!$Q$2:$Q$109,0))&"","") | N84: =IFERROR(INDEX('All products'!$N$2:$N$109,MATCH(79,'All products'!$Q$2:$Q$109,0))&"","") | O84: =IFERROR(HYPERLINK(INDEX('All products'!$O$2:$O$109,MATCH(79,'All products'!$Q$2:$Q$109,0))),"")
A85: =IFERROR(INDEX('All products'!$A$2:$A$109,MATCH(80,'All products'!$Q$2:$Q$109,0))&"","") | B85: =IFERROR(INDEX('All products'!$B$2:$B$109,MATCH(80,'All products'!$Q$2:$Q$109,0))&"","") | C85: =IFERROR(INDEX('All products'!$C$2:$C$109,MATCH(80,'All products'!$Q$2:$Q$109,0))&"","") | D85: =IFERROR(INDEX('All products'!$D$2:$D$109,MATCH(80,'All products'!$Q$2:$Q$109,0))&"","") | E85: =IFERROR(INDEX('All products'!$E$2:$E$109,MATCH(80,'All products'!$Q$2:$Q$109,0))&"","") | F85: =IFERROR(INDEX('All products'!$F$2:$F$109,MATCH(80,'All products'!$Q$2:$Q$109,0))&"","") | G85: =IFERROR(INDEX('All products'!$G$2:$G$109,MATCH(80,'All products'!$Q$2:$Q$109,0))&"","") | H85: =IFERROR(INDEX('All products'!$H$2:$H$109,MATCH(80,'All products'!$Q$2:$Q$109,0))&"","") | I85: =IFERROR(INDEX('All products'!$I$2:$I$109,MATCH(80,'All products'!$Q$2:$Q$109,0))&"","") | J85: =IFERROR(INDEX('All products'!$J$2:$J$109,MATCH(80,'All products'!$Q$2:$Q$109,0))&"","") | K85: =IFERROR(INDEX('All products'!$K$2:$K$109,MATCH(80,'All products'!$Q$2:$Q$109,0))&"","") | L85: =IFERROR(INDEX('All products'!$L$2:$L$109,MATCH(80,'All products'!$Q$2:$Q$109,0))&"","") | M85: =IFERROR(INDEX('All products'!$M$2:$M$109,MATCH(80,'All products'!$Q$2:$Q$109,0))&"","") | N85: =IFERROR(INDEX('All products'!$N$2:$N$109,MATCH(80,'All products'!$Q$2:$Q$109,0))&"","") | O85: =IFERROR(HYPERLINK(INDEX('All products'!$O$2:$O$109,MATCH(80,'All products'!$Q$2:$Q$109,0))),"")
A86: =IFERROR(INDEX('All products'!$A$2:$A$109,MATCH(81,'All products'!$Q$2:$Q$109,0))&"","") | B86: =IFERROR(INDEX('All products'!$B$2:$B$109,MATCH(81,'All products'!$Q$2:$Q$109,0))&"","") | C86: =IFERROR(INDEX('All products'!$C$2:$C$109,MATCH(81,'All products'!$Q$2:$Q$109,0))&"","") | D86: =IFERROR(INDEX('All products'!$D$2:$D$109,MATCH(81,'All products'!$Q$2:$Q$109,0))&"","") | E86: =IFERROR(INDEX('All products'!$E$2:$E$109,MATCH(81,'All products'!$Q$2:$Q$109,0))&"","") | F86: =IFERROR(INDEX('All products'!$F$2:$F$109,MATCH(81,'All products'!$Q$2:$Q$109,0))&"","") | G86: =IFERROR(INDEX('All products'!$G$2:$G$109,MATCH(81,'All products'!$Q$2:$Q$109,0))&"","") | H86: =IFERROR(INDEX('All products'!$H$2:$H$109,MATCH(81,'All products'!$Q$2:$Q$109,0))&"","") | I86: =IFERROR(INDEX('All products'!$I$2:$I$109,MATCH(81,'All products'!$Q$2:$Q$109,0))&"","") | J86: =IFERROR(INDEX('All products'!$J$2:$J$109,MATCH(81,'All products'!$Q$2:$Q$109,0))&"","") | K86: =IFERROR(INDEX('All products'!$K$2:$K$109,MATCH(81,'All products'!$Q$2:$Q$109,0))&"","") | L86: =IFERROR(INDEX('All products'!$L$2:$L$109,MATCH(81,'All products'!$Q$2:$Q$109,0))&"","") | M86: =IFERROR(INDEX('All products'!$M$2:$M$109,MATCH(81,'All products'!$Q$2:$Q$109,0))&"","") | N86: =IFERROR(INDEX('All products'!$N$2:$N$109,MATCH(81,'All products'!$Q$2:$Q$109,0))&"","") | O86: =IFERROR(HYPERLINK(INDEX('All products'!$O$2:$O$109,MATCH(81,'All products'!$Q$2:$Q$109,0))),"")
A87: =IFERROR(INDEX('All products'!$A$2:$A$109,MATCH(82,'All products'!$Q$2:$Q$109,0))&"","") | B87: =IFERROR(INDEX('All products'!$B$2:$B$109,MATCH(82,'All products'!$Q$2:$Q$109,0))&"","") | C87: =IFERROR(INDEX('All products'!$C$2:$C$109,MATCH(82,'All products'!$Q$2:$Q$109,0))&"","") | D87: =IFERROR(INDEX('All products'!$D$2:$D$109,MATCH(82,'All products'!$Q$2:$Q$109,0))&"","") | E87: =IFERROR(INDEX('All products'!$E$2:$E$109,MATCH(82,'All products'!$Q$2:$Q$109,0))&"","") | F87: =IFERROR(INDEX('All products'!$F$2:$F$109,MATCH(82,'All products'!$Q$2:$Q$109,0))&"","") | G87: =IFERROR(INDEX('All products'!$G$2:$G$109,MATCH(82,'All products'!$Q$2:$Q$109,0))&"","") | H87: =IFERROR(INDEX('All products'!$H$2:$H$109,MATCH(82,'All products'!$Q$2:$Q$109,0))&"","") | I87: =IFERROR(INDEX('All products'!$I$2:$I$109,MATCH(82,'All products'!$Q$2:$Q$109,0))&"","") | J87: =IFERROR(INDEX('All products'!$J$2:$J$109,MATCH(82,'All products'!$Q$2:$Q$109,0))&"","") | K87: =IFERROR(INDEX('All products'!$K$2:$K$109,MATCH(82,'All products'!$Q$2:$Q$109,0))&"","") | L87: =IFERROR(INDEX('All products'!$L$2:$L$109,MATCH(82,'All products'!$Q$2:$Q$109,0))&"","") | M87: =IFERROR(INDEX('All products'!$M$2:$M$109,MATCH(82,'All products'!$Q$2:$Q$109,0))&"","") | N87: =IFERROR(INDEX('All products'!$N$2:$N$109,MATCH(82,'All products'!$Q$2:$Q$109,0))&"","") | O87: =IFERROR(HYPERLINK(INDEX('All products'!$O$2:$O$109,MATCH(82,'All products'!$Q$2:$Q$109,0))),"")
A88: =IFERROR(INDEX('All products'!$A$2:$A$109,MATCH(83,'All products'!$Q$2:$Q$109,0))&"","") | B88: =IFERROR(INDEX('All products'!$B$2:$B$109,MATCH(83,'All products'!$Q$2:$Q$109,0))&"","") | C88: =IFERROR(INDEX('All products'!$C$2:$C$109,MATCH(83,'All products'!$Q$2:$Q$109,0))&"","") | D88: =IFERROR(INDEX('All products'!$D$2:$D$109,MATCH(83,'All products'!$Q$2:$Q$109,0))&"","") | E88: =IFERROR(INDEX('All products'!$E$2:$E$109,MATCH(83,'All products'!$Q$2:$Q$109,0))&"","") | F88: =IFERROR(INDEX('All products'!$F$2:$F$109,MATCH(83,'All products'!$Q$2:$Q$109,0))&"","") | G88: =IFERROR(INDEX('All products'!$G$2:$G$109,MATCH(83,'All products'!$Q$2:$Q$109,0))&"","") | H88: =IFERROR(INDEX('All products'!$H$2:$H$109,MATCH(83,'All products'!$Q$2:$Q$109,0))&"","") | I88: =IFERROR(INDEX('All products'!$I$2:$I$109,MATCH(83,'All products'!$Q$2:$Q$109,0))&"","") | J88: =IFERROR(INDEX('All products'!$J$2:$J$109,MATCH(83,'All products'!$Q$2:$Q$109,0))&"","") | K88: =IFERROR(INDEX('All products'!$K$2:$K$109,MATCH(83,'All products'!$Q$2:$Q$109,0))&"","") | L88: =IFERROR(INDEX('All products'!$L$2:$L$109,MATCH(83,'All products'!$Q$2:$Q$109,0))&"","") | M88: =IFERROR(INDEX('All products'!$M$2:$M$109,MATCH(83,'All products'!$Q$2:$Q$109,0))&"","") | N88: =IFERROR(INDEX('All products'!$N$2:$N$109,MATCH(83,'All products'!$Q$2:$Q$109,0))&"","") | O88: =IFERROR(HYPERLINK(INDEX('All products'!$O$2:$O$109,MATCH(83,'All products'!$Q$2:$Q$109,0))),"")
A89: =IFERROR(INDEX('All products'!$A$2:$A$109,MATCH(84,'All products'!$Q$2:$Q$109,0))&"","") | B89: =IFERROR(INDEX('All products'!$B$2:$B$109,MATCH(84,'All products'!$Q$2:$Q$109,0))&"","") | C89: =IFERROR(INDEX('All products'!$C$2:$C$109,MATCH(84,'All products'!$Q$2:$Q$109,0))&"","") | D89: =IFERROR(INDEX('All products'!$D$2:$D$109,MATCH(84,'All products'!$Q$2:$Q$109,0))&"","") | E89: =IFERROR(INDEX('All products'!$E$2:$E$109,MATCH(84,'All products'!$Q$2:$Q$109,0))&"","") | F89: =IFERROR(INDEX('All products'!$F$2:$F$109,MATCH(84,'All products'!$Q$2:$Q$109,0))&"","") | G89: =IFERROR(INDEX('All products'!$G$2:$G$109,MATCH(84,'All products'!$Q$2:$Q$109,0))&"","") | H89: =IFERROR(INDEX('All products'!$H$2:$H$109,MATCH(84,'All products'!$Q$2:$Q$109,0))&"","") | I89: =IFERROR(INDEX('All products'!$I$2:$I$109,MATCH(84,'All products'!$Q$2:$Q$109,0))&"","") | J89: =IFERROR(INDEX('All products'!$J$2:$J$109,MATCH(84,'All products'!$Q$2:$Q$109,0))&"","") | K89: =IFERROR(INDEX('All products'!$K$2:$K$109,MATCH(84,'All products'!$Q$2:$Q$109,0))&"","") | L89: =IFERROR(INDEX('All products'!$L$2:$L$109,MATCH(84,'All products'!$Q$2:$Q$109,0))&"","") | M89: =IFERROR(INDEX('All products'!$M$2:$M$109,MATCH(84,'All products'!$Q$2:$Q$109,0))&"","") | N89: =IFERROR(INDEX('All products'!$N$2:$N$109,MATCH(84,'All products'!$Q$2:$Q$109,0))&"","") | O89: =IFERROR(HYPERLINK(INDEX('All products'!$O$2:$O$109,MATCH(84,'All products'!$Q$2:$Q$109,0))),"")
A90: =IFERROR(INDEX('All products'!$A$2:$A$109,MATCH(85,'All products'!$Q$2:$Q$109,0))&"","") | B90: =IFERROR(INDEX('All products'!$B$2:$B$109,MATCH(85,'All products'!$Q$2:$Q$109,0))&"","") | C90: =IFERROR(INDEX('All products'!$C$2:$C$109,MATCH(85,'All products'!$Q$2:$Q$109,0))&"","") | D90: =IFERROR(INDEX('All products'!$D$2:$D$109,MATCH(85,'All products'!$Q$2:$Q$109,0))&"","") | E90: =IFERROR(INDEX('All products'!$E$2:$E$109,MATCH(85,'All products'!$Q$2:$Q$109,0))&"","") | F90: =IFERROR(INDEX('All products'!$F$2:$F$109,MATCH(85,'All products'!$Q$2:$Q$109,0))&"","") | G90: =IFERROR(INDEX('All products'!$G$2:$G$109,MATCH(85,'All products'!$Q$2:$Q$109,0))&"","") | H90: =IFERROR(INDEX('All products'!$H$2:$H$109,MATCH(85,'All products'!$Q$2:$Q$109,0))&"","") | I90: =IFERROR(INDEX('All products'!$I$2:$I$109,MATCH(85,'All products'!$Q$2:$Q$109,0))&"","") | J90: =IFERROR(INDEX('All products'!$J$2:$J$109,MATCH(85,'All products'!$Q$2:$Q$109,0))&"","") | K90: =IFERROR(INDEX('All products'!$K$2:$K$109,MATCH(85,'All products'!$Q$2:$Q$109,0))&"","") | L90: =IFERROR(INDEX('All products'!$L$2:$L$109,MATCH(85,'All products'!$Q$2:$Q$109,0))&"","") | M90: =IFERROR(INDEX('All products'!$M$2:$M$109,MATCH(85,'All products'!$Q$2:$Q$109,0))&"","") | N90: =IFERROR(INDEX('All products'!$N$2:$N$109,MATCH(85,'All products'!$Q$2:$Q$109,0))&"","") | O90: =IFERROR(HYPERLINK(INDEX('All products'!$O$2:$O$109,MATCH(85,'All products'!$Q$2:$Q$109,0))),"")
A91: =IFERROR(INDEX('All products'!$A$2:$A$109,MATCH(86,'All products'!$Q$2:$Q$109,0))&"","") | B91: =IFERROR(INDEX('All products'!$B$2:$B$109,MATCH(86,'All products'!$Q$2:$Q$109,0))&"","") | C91: =IFERROR(INDEX('All products'!$C$2:$C$109,MATCH(86,'All products'!$Q$2:$Q$109,0))&"","") | D91: =IFERROR(INDEX('All products'!$D$2:$D$109,MATCH(86,'All products'!$Q$2:$Q$109,0))&"","") | E91: =IFERROR(INDEX('All products'!$E$2:$E$109,MATCH(86,'All products'!$Q$2:$Q$109,0))&"","") | F91: =IFERROR(INDEX('All products'!$F$2:$F$109,MATCH(86,'All products'!$Q$2:$Q$109,0))&"","") | G91: =IFERROR(INDEX('All products'!$G$2:$G$109,MATCH(86,'All products'!$Q$2:$Q$109,0))&"","") | H91: =IFERROR(INDEX('All products'!$H$2:$H$109,MATCH(86,'All products'!$Q$2:$Q$109,0))&"","") | I91: =IFERROR(INDEX('All products'!$I$2:$I$109,MATCH(86,'All products'!$Q$2:$Q$109,0))&"","") | J91: =IFERROR(INDEX('All products'!$J$2:$J$109,MATCH(86,'All products'!$Q$2:$Q$109,0))&"","") | K91: =IFERROR(INDEX('All products'!$K$2:$K$109,MATCH(86,'All products'!$Q$2:$Q$109,0))&"","") | L91: =IFERROR(INDEX('All products'!$L$2:$L$109,MATCH(86,'All products'!$Q$2:$Q$109,0))&"","") | M91: =IFERROR(INDEX('All products'!$M$2:$M$109,MATCH(86,'All products'!$Q$2:$Q$109,0))&"","") | N91: =IFERROR(INDEX('All products'!$N$2:$N$109,MATCH(86,'All products'!$Q$2:$Q$109,0))&"","") | O91: =IFERROR(HYPERLINK(INDEX('All products'!$O$2:$O$109,MATCH(86,'All products'!$Q$2:$Q$109,0))),"")
A92: =IFERROR(INDEX('All products'!$A$2:$A$109,MATCH(87,'All products'!$Q$2:$Q$109,0))&"","") | B92: =IFERROR(INDEX('All products'!$B$2:$B$109,MATCH(87,'All products'!$Q$2:$Q$109,0))&"","") | C92: =IFERROR(INDEX('All products'!$C$2:$C$109,MATCH(87,'All products'!$Q$2:$Q$109,0))&"","") | D92: =IFERROR(INDEX('All products'!$D$2:$D$109,MATCH(87,'All products'!$Q$2:$Q$109,0))&"","") | E92: =IFERROR(INDEX('All products'!$E$2:$E$109,MATCH(87,'All products'!$Q$2:$Q$109,0))&"","") | F92: =IFERROR(INDEX('All products'!$F$2:$F$109,MATCH(87,'All products'!$Q$2:$Q$109,0))&"","") | G92: =IFERROR(INDEX('All products'!$G$2:$G$109,MATCH(87,'All products'!$Q$2:$Q$109,0))&"","") | H92: =IFERROR(INDEX('All products'!$H$2:$H$109,MATCH(87,'All products'!$Q$2:$Q$109,0))&"","") | I92: =IFERROR(INDEX('All products'!$I$2:$I$109,MATCH(87,'All products'!$Q$2:$Q$109,0))&"","") | J92: =IFERROR(INDEX('All products'!$J$2:$J$109,MATCH(87,'All products'!$Q$2:$Q$109,0))&"","") | K92: =IFERROR(INDEX('All products'!$K$2:$K$109,MATCH(87,'All products'!$Q$2:$Q$109,0))&"","") | L92: =IFERROR(INDEX('All products'!$L$2:$L$109,MATCH(87,'All products'!$Q$2:$Q$109,0))&"","") | M92: =IFERROR(INDEX('All products'!$M$2:$M$109,MATCH(87,'All products'!$Q$2:$Q$109,0))&"","") | N92: =IFERROR(INDEX('All products'!$N$2:$N$109,MATCH(87,'All products'!$Q$2:$Q$109,0))&"","") | O92: =IFERROR(HYPERLINK(INDEX('All products'!$O$2:$O$109,MATCH(87,'All products'!$Q$2:$Q$109,0))),"")
A93: =IFERROR(INDEX('All products'!$A$2:$A$109,MATCH(88,'All products'!$Q$2:$Q$109,0))&"","") | B93: =IFERROR(INDEX('All products'!$B$2:$B$109,MATCH(88,'All products'!$Q$2:$Q$109,0))&"","") | C93: =IFERROR(INDEX('All products'!$C$2:$C$109,MATCH(88,'All products'!$Q$2:$Q$109,0))&"","") | D93: =IFERROR(INDEX('All products'!$D$2:$D$109,MATCH(88,'All products'!$Q$2:$Q$109,0))&"","") | E93: =IFERROR(INDEX('All products'!$E$2:$E$109,MATCH(88,'All products'!$Q$2:$Q$109,0))&"","") | F93: =IFERROR(INDEX('All products'!$F$2:$F$109,MATCH(88,'All products'!$Q$2:$Q$109,0))&"","") | G93: =IFERROR(INDEX('All products'!$G$2:$G$109,MATCH(88,'All products'!$Q$2:$Q$109,0))&"","") | H93: =IFERROR(INDEX('All products'!$H$2:$H$109,MATCH(88,'All products'!$Q$2:$Q$109,0))&"","") | I93: =IFERROR(INDEX('All products'!$I$2:$I$109,MATCH(88,'All products'!$Q$2:$Q$109,0))&"","") | J93: =IFERROR(INDEX('All products'!$J$2:$J$109,MATCH(88,'All products'!$Q$2:$Q$109,0))&"","") | K93: =IFERROR(INDEX('All products'!$K$2:$K$109,MATCH(88,'All products'!$Q$2:$Q$109,0))&"","") | L93: =IFERROR(INDEX('All products'!$L$2:$L$109,MATCH(88,'All products'!$Q$2:$Q$109,0))&"","") | M93: =IFERROR(INDEX('All products'!$M$2:$M$109,MATCH(88,'All products'!$Q$2:$Q$109,0))&"","") | N93: =IFERROR(INDEX('All products'!$N$2:$N$109,MATCH(88,'All products'!$Q$2:$Q$109,0))&"","") | O93: =IFERROR(HYPERLINK(INDEX('All products'!$O$2:$O$109,MATCH(88,'All products'!$Q$2:$Q$109,0))),"")
A94: =IFERROR(INDEX('All products'!$A$2:$A$109,MATCH(89,'All products'!$Q$2:$Q$109,0))&"","") | B94: =IFERROR(INDEX('All products'!$B$2:$B$109,MATCH(89,'All products'!$Q$2:$Q$109,0))&"","") | C94: =IFERROR(INDEX('All products'!$C$2:$C$109,MATCH(89,'All products'!$Q$2:$Q$109,0))&"","") | D94: =IFERROR(INDEX('All products'!$D$2:$D$109,MATCH(89,'All products'!$Q$2:$Q$109,0))&"","") | E94: =IFERROR(INDEX('All products'!$E$2:$E$109,MATCH(89,'All products'!$Q$2:$Q$109,0))&"","") | F94: =IFERROR(INDEX('All products'!$F$2:$F$109,MATCH(89,'All products'!$Q$2:$Q$109,0))&"","") | G94: =IFERROR(INDEX('All products'!$G$2:$G$109,MATCH(89,'All products'!$Q$2:$Q$109,0))&"","") | H94: =IFERROR(INDEX('All products'!$H$2:$H$109,MATCH(89,'All products'!$Q$2:$Q$109,0))&"","") | I94: =IFERROR(INDEX('All products'!$I$2:$I$109,MATCH(89,'All products'!$Q$2:$Q$109,0))&"","") | J94: =IFERROR(INDEX('All products'!$J$2:$J$109,MATCH(89,'All products'!$Q$2:$Q$109,0))&"","") | K94: =IFERROR(INDEX('All products'!$K$2:$K$109,MATCH(89,'All products'!$Q$2:$Q$109,0))&"","") | L94: =IFERROR(INDEX('All products'!$L$2:$L$109,MATCH(89,'All products'!$Q$2:$Q$109,0))&"","") | M94: =IFERROR(INDEX('All products'!$M$2:$M$109,MATCH(89,'All products'!$Q$2:$Q$109,0))&"","") | N94: =IFERROR(INDEX('All products'!$N$2:$N$109,MATCH(89,'All products'!$Q$2:$Q$109,0))&"","") | O94: =IFERROR(HYPERLINK(INDEX('All products'!$O$2:$O$109,MATCH(89,'All products'!$Q$2:$Q$109,0))),"")
A95: =IFERROR(INDEX('All products'!$A$2:$A$109,MATCH(90,'All products'!$Q$2:$Q$109,0))&"","") | B95: =IFERROR(INDEX('All products'!$B$2:$B$109,MATCH(90,'All products'!$Q$2:$Q$109,0))&"","") | C95: =IFERROR(INDEX('All products'!$C$2:$C$109,MATCH(90,'All products'!$Q$2:$Q$109,0))&"","") | D95: =IFERROR(INDEX('All products'!$D$2:$D$109,MATCH(90,'All products'!$Q$2:$Q$109,0))&"","") | E95: =IFERROR(INDEX('All products'!$E$2:$E$109,MATCH(90,'All products'!$Q$2:$Q$109,0))&"","") | F95: =IFERROR(INDEX('All products'!$F$2:$F$109,MATCH(90,'All products'!$Q$2:$Q$109,0))&"","") | G95: =IFERROR(INDEX('All products'!$G$2:$G$109,MATCH(90,'All products'!$Q$2:$Q$109,0))&"","") | H95: =IFERROR(INDEX('All products'!$H$2:$H$109,MATCH(90,'All products'!$Q$2:$Q$109,0))&"","") | I95: =IFERROR(INDEX('All products'!$I$2:$I$109,MATCH(90,'All products'!$Q$2:$Q$109,0))&"","") | J95: =IFERROR(INDEX('All products'!$J$2:$J$109,MATCH(90,'All products'!$Q$2:$Q$109,0))&"","") | K95: =IFERROR(INDEX('All products'!$K$2:$K$109,MATCH(90,'All products'!$Q$2:$Q$109,0))&"","") | L95: =IFERROR(INDEX('All products'!$L$2:$L$109,MATCH(90,'All products'!$Q$2:$Q$109,0))&"","") | M95: =IFERROR(INDEX('All products'!$M$2:$M$109,MATCH(90,'All products'!$Q$2:$Q$109,0))&"","") | N95: =IFERROR(INDEX('All products'!$N$2:$N$109,MATCH(90,'All products'!$Q$2:$Q$109,0))&"","") | O95: =IFERROR(HYPERLINK(INDEX('All products'!$O$2:$O$109,MATCH(90,'All products'!$Q$2:$Q$109,0))),"")
A96: =IFERROR(INDEX('All products'!$A$2:$A$109,MATCH(91,'All products'!$Q$2:$Q$109,0))&"","") | B96: =IFERROR(INDEX('All products'!$B$2:$B$109,MATCH(91,'All products'!$Q$2:$Q$109,0))&"","") | C96: =IFERROR(INDEX('All products'!$C$2:$C$109,MATCH(91,'All products'!$Q$2:$Q$109,0))&"","") | D96: =IFERROR(INDEX('All products'!$D$2:$D$109,MATCH(91,'All products'!$Q$2:$Q$109,0))&"","") | E96: =IFERROR(INDEX('All products'!$E$2:$E$109,MATCH(91,'All products'!$Q$2:$Q$109,0))&"","") | F96: =IFERROR(INDEX('All products'!$F$2:$F$109,MATCH(91,'All products'!$Q$2:$Q$109,0))&"","") | G96: =IFERROR(INDEX('All products'!$G$2:$G$109,MATCH(91,'All products'!$Q$2:$Q$109,0))&"","") | H96: =IFERROR(INDEX('All products'!$H$2:$H$109,MATCH(91,'All products'!$Q$2:$Q$109,0))&"","") | I96: =IFERROR(INDEX('All products'!$I$2:$I$109,MATCH(91,'All products'!$Q$2:$Q$109,0))&"","") | J96: =IFERROR(INDEX('All products'!$J$2:$J$109,MATCH(91,'All products'!$Q$2:$Q$109,0))&"","") | K96: =IFERROR(INDEX('All products'!$K$2:$K$109,MATCH(91,'All products'!$Q$2:$Q$109,0))&"","") | L96: =IFERROR(INDEX('All products'!$L$2:$L$109,MATCH(91,'All products'!$Q$2:$Q$109,0))&"","") | M96: =IFERROR(INDEX('All products'!$M$2:$M$109,MATCH(91,'All products'!$Q$2:$Q$109,0))&"","") | N96: =IFERROR(INDEX('All products'!$N$2:$N$109,MATCH(91,'All products'!$Q$2:$Q$109,0))&"","") | O96: =IFERROR(HYPERLINK(INDEX('All products'!$O$2:$O$109,MATCH(91,'All products'!$Q$2:$Q$109,0))),"")
A97: =IFERROR(INDEX('All products'!$A$2:$A$109,MATCH(92,'All products'!$Q$2:$Q$109,0))&"","") | B97: =IFERROR(INDEX('All products'!$B$2:$B$109,MATCH(92,'All products'!$Q$2:$Q$109,0))&"","") | C97: =IFERROR(INDEX('All products'!$C$2:$C$109,MATCH(92,'All products'!$Q$2:$Q$109,0))&"","") | D97: =IFERROR(INDEX('All products'!$D$2:$D$109,MATCH(92,'All products'!$Q$2:$Q$109,0))&"","") | E97: =IFERROR(INDEX('All products'!$E$2:$E$109,MATCH(92,'All products'!$Q$2:$Q$109,0))&"","") | F97: =IFERROR(INDEX('All products'!$F$2:$F$109,MATCH(92,'All products'!$Q$2:$Q$109,0))&"","") | G97: =IFERROR(INDEX('All products'!$G$2:$G$109,MATCH(92,'All products'!$Q$2:$Q$109,0))&"","") | H97: =IFERROR(INDEX('All products'!$H$2:$H$109,MATCH(92,'All products'!$Q$2:$Q$109,0))&"","") | I97: =IFERROR(INDEX('All products'!$I$2:$I$109,MATCH(92,'All products'!$Q$2:$Q$109,0))&"","") | J97: =IFERROR(INDEX('All products'!$J$2:$J$109,MATCH(92,'All products'!$Q$2:$Q$109,0))&"","") | K97: =IFERROR(INDEX('All products'!$K$2:$K$109,MATCH(92,'All products'!$Q$2:$Q$109,0))&"","") | L97: =IFERROR(INDEX('All products'!$L$2:$L$109,MATCH(92,'All products'!$Q$2:$Q$109,0))&"","") | M97: =IFERROR(INDEX('All products'!$M$2:$M$109,MATCH(92,'All products'!$Q$2:$Q$109,0))&"","") | N97: =IFERROR(INDEX('All products'!$N$2:$N$109,MATCH(92,'All products'!$Q$2:$Q$109,0))&"","") | O97: =IFERROR(HYPERLINK(INDEX('All products'!$O$2:$O$109,MATCH(92,'All products'!$Q$2:$Q$109,0))),"")
A98: =IFERROR(INDEX('All products'!$A$2:$A$109,MATCH(93,'All products'!$Q$2:$Q$109,0))&"","") | B98: =IFERROR(INDEX('All products'!$B$2:$B$109,MATCH(93,'All products'!$Q$2:$Q$109,0))&"","") | C98: =IFERROR(INDEX('All products'!$C$2:$C$109,MATCH(93,'All products'!$Q$2:$Q$109,0))&"","") | D98: =IFERROR(INDEX('All products'!$D$2:$D$109,MATCH(93,'All products'!$Q$2:$Q$109,0))&"","") | E98: =IFERROR(INDEX('All products'!$E$2:$E$109,MATCH(93,'All products'!$Q$2:$Q$109,0))&"","") | F98: =IFERROR(INDEX('All products'!$F$2:$F$109,MATCH(93,'All products'!$Q$2:$Q$109,0))&"","") | G98: =IFERROR(INDEX('All products'!$G$2:$G$109,MATCH(93,'All products'!$Q$2:$Q$109,0))&"","") | H98: =IFERROR(INDEX('All products'!$H$2:$H$109,MATCH(93,'All products'!$Q$2:$Q$109,0))&"","") | I98: =IFERROR(INDEX('All products'!$I$2:$I$109,MATCH(93,'All products'!$Q$2:$Q$109,0))&"","") | J98: =IFERROR(INDEX('All products'!$J$2:$J$109,MATCH(93,'All products'!$Q$2:$Q$109,0))&"","") | K98: =IFERROR(INDEX('All products'!$K$2:$K$109,MATCH(93,'All products'!$Q$2:$Q$109,0))&"","") | L98: =IFERROR(INDEX('All products'!$L$2:$L$109,MATCH(93,'All products'!$Q$2:$Q$109,0))&"","") | M98: =IFERROR(INDEX('All products'!$M$2:$M$109,MATCH(93,'All products'!$Q$2:$Q$109,0))&"","") | N98: =IFERROR(INDEX('All products'!$N$2:$N$109,MATCH(93,'All products'!$Q$2:$Q$109,0))&"","") | O98: =IFERROR(HYPERLINK(INDEX('All products'!$O$2:$O$109,MATCH(93,'All products'!$Q$2:$Q$109,0))),"")
A99: =IFERROR(INDEX('All products'!$A$2:$A$109,MATCH(94,'All products'!$Q$2:$Q$109,0))&"","") | B99: =IFERROR(INDEX('All products'!$B$2:$B$109,MATCH(94,'All products'!$Q$2:$Q$109,0))&"","") | C99: =IFERROR(INDEX('All products'!$C$2:$C$109,MATCH(94,'All products'!$Q$2:$Q$109,0))&"","") | D99: =IFERROR(INDEX('All products'!$D$2:$D$109,MATCH(94,'All products'!$Q$2:$Q$109,0))&"","") | E99: =IFERROR(INDEX('All products'!$E$2:$E$109,MATCH(94,'All products'!$Q$2:$Q$109,0))&"","") | F99: =IFERROR(INDEX('All products'!$F$2:$F$109,MATCH(94,'All products'!$Q$2:$Q$109,0))&"","") | G99: =IFERROR(INDEX('All products'!$G$2:$G$109,MATCH(94,'All products'!$Q$2:$Q$109,0))&"","") | H99: =IFERROR(INDEX('All products'!$H$2:$H$109,MATCH(94,'All products'!$Q$2:$Q$109,0))&"","") | I99: =IFERROR(INDEX('All products'!$I$2:$I$109,MATCH(94,'All products'!$Q$2:$Q$109,0))&"","") | J99: =IFERROR(INDEX('All products'!$J$2:$J$109,MATCH(94,'All products'!$Q$2:$Q$109,0))&"","") | K99: =IFERROR(INDEX('All products'!$K$2:$K$109,MATCH(94,'All products'!$Q$2:$Q$109,0))&"","") | L99: =IFERROR(INDEX('All products'!$L$2:$L$109,MATCH(94,'All products'!$Q$2:$Q$109,0))&"","") | M99: =IFERROR(INDEX('All products'!$M$2:$M$109,MATCH(94,'All products'!$Q$2:$Q$109,0))&"","") | N99: =IFERROR(INDEX('All products'!$N$2:$N$109,MATCH(94,'All products'!$Q$2:$Q$109,0))&"","") | O99: =IFERROR(HYPERLINK(INDEX('All products'!$O$2:$O$109,MATCH(94,'All products'!$Q$2:$Q$109,0))),"")
A100: =IFERROR(INDEX('All products'!$A$2:$A$109,MATCH(95,'All products'!$Q$2:$Q$109,0))&"","") | B100: =IFERROR(INDEX('All products'!$B$2:$B$109,MATCH(95,'All products'!$Q$2:$Q$109,0))&"","") | C100: =IFERROR(INDEX('All products'!$C$2:$C$109,MATCH(95,'All products'!$Q$2:$Q$109,0))&"","") | D100: =IFERROR(INDEX('All products'!$D$2:$D$109,MATCH(95,'All products'!$Q$2:$Q$109,0))&"","") | E100: =IFERROR(INDEX('All products'!$E$2:$E$109,MATCH(95,'All products'!$Q$2:$Q$109,0))&"","") | F100: =IFERROR(INDEX('All products'!$F$2:$F$109,MATCH(95,'All products'!$Q$2:$Q$109,0))&"","") | G100: =IFERROR(INDEX('All products'!$G$2:$G$109,MATCH(95,'All products'!$Q$2:$Q$109,0))&"","") | H100: =IFERROR(INDEX('All products'!$H$2:$H$109,MATCH(95,'All products'!$Q$2:$Q$109,0))&"","") | I100: =IFERROR(INDEX('All products'!$I$2:$I$109,MATCH(95,'All products'!$Q$2:$Q$109,0))&"","") | J100: =IFERROR(INDEX('All products'!$J$2:$J$109,MATCH(95,'All products'!$Q$2:$Q$109,0))&"","") | K100: =IFERROR(INDEX('All products'!$K$2:$K$109,MATCH(95,'All products'!$Q$2:$Q$109,0))&"","") | L100: =IFERROR(INDEX('All products'!$L$2:$L$109,MATCH(95,'All products'!$Q$2:$Q$109,0))&"","") | M100: =IFERROR(INDEX('All products'!$M$2:$M$109,MATCH(95,'All products'!$Q$2:$Q$109,0))&"","") | N100: =IFERROR(INDEX('All products'!$N$2:$N$109,MATCH(95,'All products'!$Q$2:$Q$109,0))&"","") | O100: =IFERROR(HYPERLINK(INDEX('All products'!$O$2:$O$109,MATCH(95,'All products'!$Q$2:$Q$109,0))),"")
A101: =IFERROR(INDEX('All products'!$A$2:$A$109,MATCH(96,'All products'!$Q$2:$Q$109,0))&"","") | B101: =IFERROR(INDEX('All products'!$B$2:$B$109,MATCH(96,'All products'!$Q$2:$Q$109,0))&"","") | C101: =IFERROR(INDEX('All products'!$C$2:$C$109,MATCH(96,'All products'!$Q$2:$Q$109,0))&"","") | D101: =IFERROR(INDEX('All products'!$D$2:$D$109,MATCH(96,'All products'!$Q$2:$Q$109,0))&"","") | E101: =IFERROR(INDEX('All products'!$E$2:$E$109,MATCH(96,'All products'!$Q$2:$Q$109,0))&"","") | F101: =IFERROR(INDEX('All products'!$F$2:$F$109,MATCH(96,'All products'!$Q$2:$Q$109,0))&"","") | G101: =IFERROR(INDEX('All products'!$G$2:$G$109,MATCH(96,'All products'!$Q$2:$Q$109,0))&"","") | H101: =IFERROR(INDEX('All products'!$H$2:$H$109,MATCH(96,'All products'!$Q$2:$Q$109,0))&"","") | I101: =IFERROR(INDEX('All products'!$I$2:$I$109,MATCH(96,'All products'!$Q$2:$Q$109,0))&"","") | J101: =IFERROR(INDEX('All products'!$J$2:$J$109,MATCH(96,'All products'!$Q$2:$Q$109,0))&"","") | K101: =IFERROR(INDEX('All products'!$K$2:$K$109,MATCH(96,'All products'!$Q$2:$Q$109,0))&"","") | L101: =IFERROR(INDEX('All products'!$L$2:$L$109,MATCH(96,'All products'!$Q$2:$Q$109,0))&"","") | M101: =IFERROR(INDEX('All products'!$M$2:$M$109,MATCH(96,'All products'!$Q$2:$Q$109,0))&"","") | N101: =IFERROR(INDEX('All products'!$N$2:$N$109,MATCH(96,'All products'!$Q$2:$Q$109,0))&"","") | O101: =IFERROR(HYPERLINK(INDEX('All products'!$O$2:$O$109,MATCH(96,'All products'!$Q$2:$Q$109,0))),"")
...

Sheet Transceivers
A1: Model | B1: Variant | C1: Status | D1: Legacy OPN | E1: NVIDIA OPN | F1: Speed | G1: Form factor | H1: Interfaces | I1: Medium | J1: Reach | K1: Fabric | L1: Description | M1: Link
A2: MMS4B10-XM | B2: RHS/TRO | C2: active | D2: — | E2: 980-9IAJ0-00XM00 | F2: 1600G | G2: OSFP-flattop | H2: 2x 800Gb/s MPO-12/APC | I2: SM | J2: max 500 m | K2: ETH | L2: MMS4B10-XM TRO 1600Gbps OSFP Twin-Port 2xDR4, 2xMPO (APC) 1310nm SMF Transceiver (up to 500m) | M2: https://networking-docs.nvidia.com/mms4b10xmtro1600g
A3: MMS4B10-XM | B3: IHS/TRO | C3: active | D3: — | E3: 980-9IAJ0-00XM01 | F3: 1600G | G3: OSFP-finned | H3: 2x 800Gb/s MPO-12/APC | I3: SM | J3: max 500 m | K3: ETH | L3: MMS4B10-XM TRO 1600Gbps OSFP Twin-Port 2xDR4, 2xMPO (APC) 1310nm SMF Transceiver (up to 500m) | M3: https://networking-docs.nvidia.com/mms4b10xmtro1600g
A4: MMS4C10 | B4: RHS/FRO Gen2 (XDR) | C4: active | D4: — | E4: 980-9IAU0-00XM00 | F4: 1600G | G4: OSFP-flattop | H4: 2x 800Gb/s MPO-12/APC | I4: SM | J4: max 500 m | K4: IB | L4: NVIDIA MMS4C1X FRO 1600Gbps, 2xDR4, Twin-port OSFP, 2xMPO (APC), 1310nm Single Mode Transceiver (up to 500m) | M4: https://networking-docs.nvidia.com/9iau000xmosfptcvr1600
A5: MMS4C10 | B5: IHS/FRO Gen2 (XDR) | C5: active | D5: — | E5: 980-9IAU0-00XM01 | F5: 1600G | G5: OSFP-finned | H5: 2x 800Gb/s MPO-12/APC | I5: SM | J5: max 500 m | K5: IB | L5: NVIDIA MMS4C1X FRO 1600Gbps, 2xDR4, Twin-port OSFP, 2xMPO (APC), 1310nm Single Mode Transceiver (up to 500m) | M5: https://networking-docs.nvidia.com/9iau000xmosfptcvr1600
A6: MMS4C11 | B6: RHS/FRO Gen2 (Ethernet) | C6: active | D6: — | E6: 980-9IAU1-00XM00 | F6: 1600G | G6: OSFP-flattop | H6: 2x 800Gb/s MPO-12/APC | I6: SM | J6: max 500 m | K6: ETH | L6: NVIDIA MMS4C1X FRO 1600Gbps, 2xDR4, Twin-port OSFP, 2xMPO (APC), 1310nm Single Mode Transceiver (up to 500m) | M6: https://networking-docs.nvidia.com/9iau000xmosfptcvr1600
A7: MMS4C11 | B7: IHS/FRO Gen2 (Ethernet) | C7: active | D7: — | E7: 980-9IAU1-00XM01 | F7: 1600G | G7: OSFP-finned | H7: 2x 800Gb/s MPO-12/APC | I7: SM | J7: max 500 m | K7: ETH | L7: NVIDIA MMS4C1X FRO 1600Gbps, 2xDR4, Twin-port OSFP, 2xMPO (APC), 1310nm Single Mode Transceiver (up to 500m) | M7: https://networking-docs.nvidia.com/9iau000xmosfptcvr1600
A8: MMS4A00 | B8: IHS | C8: active | D8: MMS4A00 | E8: 980-9IAH1-00XM00 | F8: 1600G | G8: OSFP-finned | H8: 2x 800Gb/s MPO-12/APC | I8: SM | J8: max 500 m | K8: IB | L8: NVIDIA MMS4A00 1600Gbps, 2xDR4, Twin-port OSFP, 2xMPO, 1310nm Single Mode Transceiver (up to 500m) | M8: https://networking-docs.nvidia.com/9iahx00xmosfptcvr1600
A9: MMS4A00 | B9: RHS | C9: planned | D9: — | E9: 980-9IAH0-00XM00 | F9: 1600G | G9: OSFP-flattop | H9: 2x 800Gb/s MPO-12/APC | I9: SM | J9: max 500 m | K9: IB | L9: NVIDIA MMS4A00 1600Gbps, 2xDR4, Twin-port OSFP, 2xMPO, 1310nm Single Mode Transceiver (up to 500m) | M9: https://networking-docs.nvidia.com/9iahx00xmosfptcvr1600
A10: MMS4A50 | B10: RHS | C10: active | D10: — | E10: 980-9IAS1-00XM00 | F10: 1600G | G10: OSFP-flattop | H10: 2x 800Gb/s Dual LC Duplex | I10: SM | J10: max 2000 m | K10: IB/ETH | L10: NVIDIA MMS4A50 1600Gbps, OSFP, 2xLC-LC, 1310nm SMF, 2xFR4 Twin-port Transceiver (up to 2km) | M10: https://networking-docs.nvidia.com/mms4a501600gosfp
A11: MMS4A50 | B11: IHS | C11: active | D11: — | E11: 980-9IAS0-00XM00 | F11: 1600G | G11: OSFP-finned | H11: 2x 800Gb/s Dual LC Duplex | I11: SM | J11: max 2000 m | K11: IB/ETH | L11: NVIDIA MMS4A50 1600Gbps, OSFP, 2xLC-LC, 1310nm SMF, 2xFR4 Twin-port Transceiver (up to 2km) | M11: https://networking-docs.nvidia.com/mms4a501600gosfp
A12: MMA1Z00-NS400 | B12: — | C12: active | D12: MMA1Z00-NS400 | E12: 980-9I693-00NS00 | F12: 400G | G12: QSFP112 | H12: 1x 400Gb/s MPO-12/APC | I12: MM | J12: OM3 30 m, OM4 50 m, max 50 m | K12: IB/ETH | L12: MMA1Z00-NS400 400Gb/s, Single-port, QSFP112 Multimode SR4 Transceivers Product Specifications | M12: https://networking-docs.nvidia.com/mms1z00ns400sr4
... A35: MMA2P00-AS | B35: — | C35: active | D35: — | E35: MMA2P00-AS | F35: 25G | G35: SFP28 | H35: 1x 25Gb/s Duplex LC/UPC | I35: MM | J35: OM3 70 m, OM4 100 m, max 100 m | K35: ETH | L35: MMA2P00-AS 25GbE SFP28 MMF Transceiver Product Specifications | M35: https://networking-docs.nvidia.com/mma2p00asspec

Sheet AOC
A1: Model | B1: Variant | C1: Status | D1: Legacy OPN | E1: NVIDIA OPN | F1: Speed | G1: Form factor | H1: Interfaces | I1: Medium | J1: Reach | K1: Fabric | L1: Description | M1: Link
A2: MFA7U10-H00x | B2: finned OSFP head | C2: active | D2: MFA7U10-H003 / MFA7U10-H005 / MFA7U10-H010 / MFA7U10-H015 / MFA7U10-H020 / MFA7U10-H030 | E2: 980-9I41X-00H003, 980-9I11Z-00H005, 980-9I111-00H010, 980-9I113-00H015, 980-9I115-00H020, 980-9I117-00H030 | F2: 400G | G2: OSFP-finned -> 2xQSFP56 | H2: 2x 2x200Gb/s OSFP to 2xQSFP56 | I2: MM | J2: max 30 m | K2: IB/ETH | L2: MFA7U10-H00x 400Gb/s OSFP to 2x200Gb/s QSFP56 HDR Active Optical Splitter Cable | M2: https://networking-docs.nvidia.com/mfa7u10h00x10
A3: MFA7U10-H00x-FLT | B3: flat-top OSFP head | C3: active | D3: MFA7U10-H003-FLT / MFA7U10-H005-FLT / MFA7U10-H010-FLT / MFA7U10-H015-FLT / MFA7U10-H020-FLT / MFA7U10-H030-FLT | E3: 980-9I41Y-00H003, 980-9I110-00H005, 980-9I112-00H010, 980-9I114-00H015, 980-9I116-00H020, 980-9I118-00H030 | F3: 400G | G3: OSFP-flattop -> 2xQSFP56 | H3: 2x 2x200Gb/s OSFP to 2xQSFP56 | I3: MM | J3: max 30 m | K3: IB/ETH | L3: MFA7U10-H00x 400Gb/s OSFP to 2x200Gb/s QSFP56 HDR Active Optical Splitter Cable | M3: https://networking-docs.nvidia.com/mfa7u10h00x10
A4: MFS1S00-HxxxV | B4: — | C4: active | D4: MFS1S00-H003V / MFS1S00-H005V / MFS1S00-H010V / MFS1S00-H015V / MFS1S00-H020V / MFS1S00-H030V / MFS1S00-H050V / MFS1S00-H100V | E4: 980-9I457-00H003, 980-9I45D-00H005, 980-9I45J-00H010, 980-9I45O-00H015, 980-9I45T-00H020, 980-9I440-00H030, 980-9I447-00H050, 980-9I44H-00H100 | F4: 200G | G4: QSFP56 | H4: 1x 200Gb/s QSFP56 to QSFP56 | I4: MM | J4: max 100 m | K4: IB/ETH | L4: MFS1S00-HxxxV 200Gb/s QSFP56 MMF AOC Product Specifications | M4: https://networking-docs.nvidia.com/mfs1s00hxxxv10

Sheet Copper - DAC - ACC
A1: Model | B1: Variant | C1: Status | D1: Legacy OPN | E1: NVIDIA OPN | F1: Speed | G1: Form factor | H1: Interfaces | I1: Medium | J1: Reach | K1: Fabric | L1: Description | M1: Link
A2: MCA4K00 | B2: RHS-to-RHS | C2: active | D2: MCA4K00 | E2: 980-9IAM1-00X001, 980-9IAM2-00X001, 980-9IAM4-00X001 | F2: 1600G | G2: OSFP-flattop -> OSFP-flattop | H2: 1x 1600Gb/s OSFP to OSFP | I2: Copper | J2: max 1.1 m | K2: IB/ETH/NVL | L2: MCA4K00 1600Gbps to 1600Gbps OSFP Active Copper Cable Product Specifications | M2: https://networking-docs.nvidia.com/mca4k00hw
A3: MCA4K50 | B3: IHS-to-IHS | C3: active | D3: MCA4K50 | E3: 980-9IAM5-00X001, 980-9IAM5-00X01A, 980-9IAM3-00X002, 980-9IAM3-00X02A, 980-9IAM3-00X003 | F3: 1600G | G3: OSFP-finned -> OSFP-finned | H3: 1x 1600Gb/s OSFP to OSFP | I3: Copper | J3: max 3 m | K3: IB | L3: MCA4K50 1600Gbps to 1600Gbps OSFP Active Copper Cable | M3: https://networking-docs.nvidia.com/mca4k50osfp1600
A4: MCA7K10 | B4: IHS-to-2xRHS | C4: active | D4: MCA7K10 | E4: 980-9IAO5-00X001, 980-9IAO5-00X01A, 980-9IAO5-00X002 | F4: 1600G | G4: OSFP-finned -> 2xOSFP-flattop | H4: 2x 2x800Gb/s OSFP to 2xOSFP | I4: Copper | J4: max 2 m | K4: IB/ETH | L4: MCA7K10 1600Gb/s to 2x800Gb/s, OSFP to 2xOSFP, IHS to RHS Active Copper Splitter Cable | M4: https://networking-docs.nvidia.com/9809iao500xxxxrhs2x800
A5: MCA4J80-Nxxx | B5: finned | C5: active | D5: MCA4J80-N003 / MCA4J80-N004 / MCA4J80-N005 | E5: 980-9I60Z-00N003, 980-9I601-00N004, 980-9I602-00N005 | F5: 800G | G5: OSFP-finned -> OSFP-finned | H5: 2x 2x400Gb/s OSFP to OSFP | I5: Copper | J5: max 5 m | K5: IB | L5: MCA4J80-Nxxx 800Gb/s Twin-port OSFP to 2x400Gb/s OSFP InfiniBand ACC Product Specifications | M5: https://networking-docs.nvidia.com/mca4j80nxxx800pub
A6: MCA4J80-Nxxx-FLT | B6: flat-top | C6: active | D6: MCA4J80-N003-FLT | E6: 980-9I600-00N003 | F6: 800G | G6: OSFP-flattop -> OSFP-flattop | H6: 2x 2x400Gb/s OSFP to OSFP | I6: Copper | J6: max 3 m | K6: IB | L6: MCA4J80-Nxxx 800Gbps Twin-port 2x400Gbps OSFP to 2x400Gbps OSFP InfiniBand LACC | M6: https://networking-docs.nvidia.com/mca4j80nxxx800pub
A7: MCA4J80-Nxxx-FTF | B7: flat-to-finned | C7: active | D7: MCA4J80-N003-FTF | E7: 980-9I601-00N003 | F7: 800G | G7: OSFP-flattop -> OSFP-finned | H7: 2x 2x400Gb/s OSFP to OSFP | I7: Copper | J7: max 3 m | K7: IB | L7: MCA4J80-Nxxx 800Gbps Twin-port 2x400Gbps OSFP to 2x400Gbps OSFP InfiniBand LACC | M7: https://networking-docs.nvidia.com/mca4j80nxxx800pub
A8: MCP4Y10-Nxxx | B8: finned | C8: active | D8: MCP4Y10-N00A / MCP4Y10-N001 / MCP4Y10-N01A / MCP4Y10-N002 | E8: 980-9IA0K-00N00A, 980-9IA0F-00N001, 980-9IA0Q-00N01A, 980-9IA0I-00N002 | F8: 800G | G8: OSFP-finned -> OSFP-finned | H8: 2x 2x400Gb/s OSFP to OSFP | I8: Copper | J8: max 2 m | K8: IB/ETH | L8: MCP4Y10-Nxxx Twin-port 2x400Gb/s OSFP to 2x400Gb/s OSFP Passive DAC Product Specifications | M8: https://networking-docs.nvidia.com/mcp4y10nxxx2x400pub
A9: MCP4Y10-Nxxx-FLT | B9: flat-top | C9: active | D9: MCP4Y10-N00A-FLT / MCP4Y10-N001-FLT / MCP4Y10-N002-FLT | E9: 980-9IA0L-00N00A, 980-9IA0G-00N001, 980-9IA0J-00N002 | F9: 800G | G9: OSFP-flattop -> OSFP-flattop | H9: 2x 2x400Gb/s OSFP to OSFP | I9: Copper | J9: max 2 m | K9: IB/ETH | L9: MCP4Y10-Nxxx Twin-port 2x400Gb/s OSFP to 2x400Gb/s OSFP Passive DAC Product Specifications | M9: https://networking-docs.nvidia.com/mcp4y10nxxx2x400pub
A10: MCP7Y00-Nxxx | B10: finned head | C10: active | D10: — | E10: MCP7Y00-N001, MCP7Y00-N01A, MCP7Y00-N002, MCP7Y00-N02A, MCP7Y00-N003 | F10: 800G | G10: OSFP-finned -> 2xOSFP-flattop | H10: 2x 2x400Gb/s OSFP to 2xOSFP | I10: Copper | J10: max 3 m | K10: IB/ETH | L10: MCP7Y00-Nxxx 800Gb/s Twin-port 2x400G OSFP to 2x400G OSFP Passive DAC Splitter Product Specifications | M10: https://networking-docs.nvidia.com/mcp7y00nxxx800pub
A11: MCP7Y00-Nxxx-FLT | B11: flat-top head | C11: active | D11: — | E11: MCP7Y00-N001-FLT1, MCP7Y00-N01A-FLT, MCP7Y00-N002-FLT | F11: 800G | G11: OSFP-flattop -> 2xOSFP-flattop | H11: 2x 2x400Gb/s OSFP to 2xOSFP | I11: Copper | J11: max 2 m | K11: IB/ETH | L11: MCP7Y00-Nxxx 800Gbps Twin-port 2x400G OSFP to 2x400G OSFP Passive DAC Splitter | M11: https://networking-docs.nvidia.com/mcp7y00nxxx800pub
A12: MCP1600-E0xxEyy | B12: — | C12: active | D12: — | E12: MCP1600-E00AE30, MCP1600-E001E30, MCP1600-E01AE30, MCP1600-E002E30, MCP1600-E02AE26, MCP1600-E003E26, MCP1600-E004E26, MCP1600-E005E26 | F12: 100G | G12: QSFP28 | H12: 1x 100Gb/s QSFP28 to QSFP28 | I12: Copper | J12: max 5 m | K12: IB | L12: MCP1600-E0xxEyy 100Gb/s QSFP28 DAC Cable Product Specifications | M12: https://networking-docs.nvidia.com/mcp1600e0xxxeyyspec

Sheet Other active LinkX products
A1: Category | B1: Model | C1: Status | D1: Legacy OPN | E1: NVIDIA OPN | F1: Speed | G1: Description | H1: Link
A2: Transceiver | B2: MMS4C1X | C2: active | D2: — | E2: 980-9IAU0-00XM00, 980-9IAU0-00XM01, 980-9IAU1-00XM00, 980-9IAU1-00XM01 | F2: 1600G | G2: NVIDIA MMS4C1X FRO 1600Gbps, 2xDR4, Twin-port OSFP, 2xMPO (APC), 1310nm Single Mode Transceiver (up to 500m) | H2: https://networking-docs.nvidia.com/9iau000xmosfptcvr1600
A3: Adapter | B3: MAM1Q00A-QSA | C3: active | D3: — | E3: — | F3: Accessories | G3: MAM1Q00A-QSA NVIDIA DynamiX QSA™, QSFP+ to SFP+ Adapter Product Specifications | H3: https://networking-docs.nvidia.com/mam1q00aqsadnmx
A4: Adapter | B4: MAM1Q00A-QSA28 | C4: active | D4: — | E4: — | F4: Accessories | G4: MAM1Q00A-QSA28 NVIDIA DynamiX QSA™ QSA28, QSFP28 to SFP28 Adapter Product Specifications | H4: https://networking-docs.nvidia.com/mam1q00aqsa28dnmx
A5: Fiber | B5: MFP7E10-Nxxx | C5: active | D5: — | E5: — | F5: Accessories | G5: MFP7E10-Nxxx Optical Multimode Fiber Cable Product Specifications | H5: https://networking-docs.nvidia.com/mfp7e10nxxx
A6: Fiber | B6: MFP7E20-Nxxx | C6: active | D6: — | E6: — | F6: Accessories | G6: MFP7E20-Nxxx Optical Multimode Splitter Fiber Cable Product Specifications | H6: https://networking-docs.nvidia.com/mfp7e20nxxx
A7: Fiber | B7: MFP7E30-Nxxx | C7: active | D7: — | E7: — | F7: Accessories | G7: MFP7E30-Nxxx MPO-to-MPO Single-mode Fiber Cable Product Specifications | H7: https://networking-docs.nvidia.com/mfp7e30nxxxpub
A8: Fiber | B8: MFP7E40-Nxxx | C8: active | D8: MFP7E40-N003 / MFP7E40-N005 / MFP7E40-N007 / MFP7E40-N010 / MFP7E40-N015 / MFP7E40-N020 / MFP7E40-N030 / MFP7E40-N050 | E8: 980-9I58K-00N003, 980-9I58L-00N005, 980-9I58M-00N007, 980-9I58N-00N010, 980-9I56O-00N015, 980-9I56P-00N020, 980-9I56Q-00N030, 980-9I56R-000050 | F8: Accessories | G8: MFP7E40-Nxxx Single mode 1:2 Fiber Splitter Cable Product Specifications | H8: https://networking-docs.nvidia.com/mfp7e40nxxxpub

Sheet Ethernet switching
A1: Model | B1: Family | C1: Status | D1: Legacy OPN | E1: NVIDIA OPN | F1: Speed | G1: Cages / interfaces | H1: Description | I1: Link
A2: SN6810-LD | B2: Spectrum-6 SN6000 | C2: documented | D2: — | E2: — | F2: 800GbE | G2: 128x MMC-12 800GbE fixed | H2: Spectrum-6 SN6000 2U 800GbE Ethernet switch: 128x MMC-12 (co-packaged optics) | I2: https://networking-docs.nvidia.com/sn6000hw
A3: SN6800-LD | B3: Spectrum-6 SN6000 | C3: documented | D3: — | E3: — | F3: 200GbE | G3: 512x MMC-12 200GbE fixed | H3: Spectrum-6 SN6000 5U 200GbE Ethernet switch: 512x MMC-12 (co-packaged optics) | I3: https://networking-docs.nvidia.com/sn6000hw
A4: SN6600-LD | B4: Spectrum-6 SN6000 | C4: documented | D4: — | E4: — | F4: 800GbE | G4: 64x OSFP 2x800 Gb/s | H4: Spectrum-6 SN6000 2U 800GbE Ethernet switch: 64x OSFP 2x800 Gb/s | I4: https://networking-docs.nvidia.com/sn6000hw
A5: SN6600 | B5: Spectrum-6 SN6000 | C5: documented | D5: — | E5: — | F5: 800GbE | G5: 64x OSFP 2x800 Gb/s | H5: Spectrum-6 SN6000 3U 800GbE Ethernet switch: 64x OSFP 2x800 Gb/s | I5: https://networking-docs.nvidia.com/sn6000hw
A6: SN6200-LD | B6: Spectrum-6 SN6000 | C6: documented | D6: — | E6: — | F6: 200GbE | G6: 32x OSFP 2x800GbE front; 256x backplane 200G | H6: Spectrum-6 SN6000 1U 200GbE Ethernet switch: 32x OSFP 2x800GbE front + 256x200G backplane | I6: https://networking-docs.nvidia.com/sn6000hw
A7: SN5610 | B7: Spectrum-4 SN5000 | C7: documented | D7: — | E7: 920-9N42F-00RI-3C1 | F7: 800GbE | G7: 64x OSFP 800GbE; 2x SFP28 25GbE | H7: Spectrum-4 SN5000 2U 800GbE Ethernet switch: 64x OSFP 800GbE + 2x SFP28 25GbE | I7: https://networking-docs.nvidia.com/sn5000hw
A8: SN5600 | B8: Spectrum-4 SN5000 | C8: end_of_life | D8: — | E8: 920-9N42F-00RI-7C0 | F8: 800GbE | G8: 64x OSFP 800GbE; 1x SFP28 25GbE | H8: Spectrum-4 SN5000 2U 800GbE Ethernet switch: 64x OSFP 800GbE + 1x SFP28 25GbE | I8: https://networking-docs.nvidia.com/sn5000hw
A9: SN5600D | B9: Spectrum-4 SN5000 | C9: documented | D9: — | E9: 920-9N42F-00RI-KC0 | F9: 800GbE | G9: 64x OSFP 800GbE; 1x SFP28 25GbE | H9: Spectrum-4 SN5000 2U 800GbE Ethernet switch: 64x OSFP 800GbE + 1x SFP28 25GbE | I9: https://networking-docs.nvidia.com/sn5000hw
A10: SN5400 | B10: Spectrum-4 SN5000 | C10: documented | D10: — | E10: 920-9N42C-00RB-7C0, 920-9N42C-00FB-7C0 | F10: 400GbE | G10: 64x QSFP-DD 400GbE; 2x SFP28 25GbE | H10: Spectrum-4 SN5000 2U 400GbE Ethernet switch: 64x QSFP-DD 400GbE + 2x SFP28 25GbE | I10: https://networking-docs.nvidia.com/sn5000hw
A11: SN4600C | B11: Spectrum-3 SN4000 | C11: documented | D11: MSN4600-CS2FC / MSN4600-CS2RC | E11: 920-9N302-00F7-0C2, 920-9N302-00R7-0C0 | F11: 100GbE | G11: 64x QSFP28 100GbE | H11: Spectrum-3 SN4000 2U 100GbE Ethernet switch: 64x QSFP28 100GbE | I11: https://networking-docs.nvidia.com/sn4000hw
A12: SN4700 | B12: Spectrum-3 SN4000 | C12: documented | D12: MSN4700-WS2FC / MSN4700-WS2RC | E12: 920-9N301-00FB-0C0, 920-9N301-00RB-0C0 | F12: 400GbE | G12: 32x QSFP-DD 400GbE | H12: Spectrum-3 SN4000 1U 400GbE Ethernet switch: 32x QSFP-DD 400GbE | I12: https://networking-docs.nvidia.com/sn4000hw
... A16: SN4700D | B16: Spectrum-3 SN4000 | C16: documented | D16: MSN4700-WSARC | E16: 920-9N301-00RB-NC0 | F16: 400GbE | G16: 32x QSFP-DD 400GbE | H16: Spectrum-3 SN4000 1U 400GbE Ethernet switch: 32x QSFP-DD 400GbE | I16: https://networking-docs.nvidia.com/sn4000hw

Sheet InfiniBand switching - applianc
A1: Model | B1: Family | C1: Status | D1: Legacy OPN | E1: NVIDIA OPN | F1: Speed | G1: Cages / interfaces | H1: Description | I1: Link
A2: Q3200-RA | B2: Quantum-X800 | C2: documented | D2: — | E2: 920-9B34F-00RX-FS0 | F2: 800Gb/s XDR | G2: 36x OSFP 800Gb/s XDR (twin-port, 72 ports) | H2: Quantum-X800 800Gb/s XDR: 2x18 OSFP | I2: https://networking-docs.nvidia.com/switches#nvidiatab-hw-documentation
A3: Q3400-RA | B3: Quantum-X800 | C3: documented | D3: — | E3: 920-9B36F-00RX-8S0 | F3: 800Gb/s XDR | G3: 72x OSFP 800Gb/s XDR (twin-port, 144 ports) | H3: Quantum-X800 800Gb/s XDR: 72x OSFP | I3: https://networking-docs.nvidia.com/switches#nvidiatab-hw-documentation
A4: Q3401-RD | B4: Quantum-X800 | C4: documented | D4: — | E4: 920-9B36P-00RX-8S0 | F4: 800Gb/s XDR | G4: 72x OSFP 800Gb/s XDR (twin-port, 144 ports) | H4: Quantum-X800 800Gb/s XDR: 72x OSFP | I4: https://networking-docs.nvidia.com/switches#nvidiatab-hw-documentation
A5: Q3450-LD | B5: Quantum-X Photonics / Quantum-X800 | C5: documented | D5: — | E5: 920-9B36M-00MX-8ES | F5: 800Gb/s XDR | G5: 144x MPO-12 CPO 800Gb/s XDR fixed | H5: Quantum-X Photonics / Quantum-X800 800Gb/s XDR: 144x MPO12 CPO | I5: https://networking-docs.nvidia.com/switches#nvidiatab-hw-documentation
A6: QM9700 family | B6: Quantum-2 | C6: documented | D6: — | E6: — | F6: 400Gb/s NDR | G6: OSFP 400Gb/s NDR | H6: Quantum-2 400Gb/s NDR: OSFP | I6: https://networking-docs.nvidia.com/switches#nvidiatab-hw-documentation
A7: Skyway | B7: InfiniBand-to-Ethernet Gateway | C7: documented | D7: — | E7: — | F7: 100/200 Gb/s per port | G7: 8x QSFP56 100/200 Gb/s [InfiniBand]; 8x QSFP56 100/200 Gb/s [Ethernet] | H7: InfiniBand-to-Ethernet Gateway 100/200 Gb/s per port: 8 ports per InfiniBand and Ethernet side | I7: https://networking-docs.nvidia.com/skyway
A8: MetroX-3 XC | B8: Long-haul InfiniBand | C8: end_of_life | D8: MTQ8400-HS2R / MTQ8400-HS2RC | E8: 920-9B020-00FA-0DZ, 920-9B020-00FA-6DZ | F8: InfiniBand extension | G8: OSFP; 2x QSFP112 100Gb/s long-haul (DWDM-ready) | H8: Long-haul InfiniBand InfiniBand extension | I8: https://networking-docs.nvidia.com/metrox3xc
A9: UFM Telemetry | B9: UFM platform | C9: documented | D9: — | E9: — | F9: — | G9: — | H9: UFM platform | I9: https://networking-docs.nvidia.com/switches#nvidiatab-hw-documentation
A10: UFM Enterprise | B10: UFM platform | C10: documented | D10: — | E10: — | F10: — | G10: — | H10: UFM platform | I10: https://networking-docs.nvidia.com/switches#nvidiatab-hw-documentation
A11: UFM Cyber-AI | B11: UFM platform | C11: documented | D11: — | E11: — | F11: — | G11: — | H11: UFM platform | I11: https://networking-docs.nvidia.com/switches#nvidiatab-hw-documentation
A12: Skyway-3 | B12: InfiniBand-to-Ethernet Gateway | C12: active | D12: — | E12: 920-9B02D-00RG-CF0, MGA400-XS2 | F12: XDR/Ethernet gateway | G12: 8x QSFP112 [InfiniBand]; 8x QSFP112 [Ethernet] | H12: InfiniBand-to-Ethernet Gateway XDR/Ethernet gateway: 8x IB + 8x Ethernet QSFP112 | I12: https://networking-docs.nvidia.com/skyway3hw

Sheet Silicon Photonics
A1: Model | B1: Family | C1: Status | D1: Legacy OPN | E1: NVIDIA OPN | F1: Speed | G1: Cages / interfaces | H1: Description | I1: Link
A2: Q3450-LD | B2: Quantum-X InfiniBand Photonics | C2: documented | D2: — | E2: 920-9B36M-00MX-8ES | F2: 800Gb/s XDR | G2: 144x MPO-12 CPO 800Gb/s XDR fixed | H2: Quantum-X InfiniBand Photonics: co-packaged optics, 800Gb/s XDR, 115.2 Tb/s | I2: https://networking-docs.nvidia.com/xdrswitcheshw
A3: Spectrum-X Ethernet Photonics Switches | B3: Spectrum-X Ethernet Photonics | C3: active | D3: — | E3: — | F3: 200G SerDes CPO architecture | G3: — | H3: Spectrum-X Ethernet Photonics: co-packaged optics, 200G SerDes CPO architecture, up to 409.6 Tb/s | I3: https://www.nvidia.com/en-us/networking/products/silicon-photonics/

Sheet DPU
A1: Model | B1: Family | C1: Status | D1: Legacy OPN | E1: NVIDIA OPN | F1: Speed | G1: Cages / interfaces | H1: Description | I1: Link
A2: BlueField-4 DPU | B2: — | C2: documented | D2: — | E2: — | F2: 800Gb/s | G2: QSFP112 800Gb/s | H2: BlueField-4 DPU, 800Gb/s: networking, storage, cybersecurity, secure multi-tenancy | I2: https://www.nvidia.com/en-eu/data-center/dgx-rubin-nvl8/
A3: BlueField-4 STX Storage Processor | B3: — | C3: documented | D3: — | E3: — | F3: — | G3: — | H3: BlueField-4 STX Storage Processor: AI-native storage, Vera CPU, in-silicon security | I3: https://www.nvidia.com/en-us/networking/products/data-processing-unit/
A4: BlueField-3 DPU | B4: — | C4: documented | D4: — | E4: 900-9D3B6-00CC-AA0, 900-9D3B6-00CC-EA0, 900-9D3B6-00CN-AB0, 900-9D3B6-00CN-PA0, 900-9D3B6-00CV-AA0, 900-9D3B6-00SC-AA0, 900-9D3B6-00SC-EA0, 900-9D3B6-00SN-AB0, 900-9D3B6-00SV-AA0, 900-9D3L6-00CN-AA0 | F4: 400Gb/s | G4: QSFP112 400Gb/s; QSFP56 400Gb/s; QSFP28 400Gb/s | H4: BlueField-3 DPU, 400Gb/s: SDN, storage, cybersecurity, HPC, 5G | I4: https://networking-docs.nvidia.com/bf3dpu

Sheet SuperNIC
A1: Model | B1: Family | C1: Status | D1: Legacy OPN | E1: NVIDIA OPN | F1: Speed | G1: Cages / interfaces | H1: Description | I1: Link
A2: ConnectX-9 SuperNIC | B2: — | C2: documented | D2: — | E2: 900-9X91E-00EB-ST0, 900-9X91Q-00CN-ST0, 900-9X91E-00EB-DT0, 900-9X91E-00QB-ST0, 900-9X91Q-00RN-ST0, 900-9X91Q-00RV-ST0, 900-9X91Q-00RC-ST0 | F2: up to 1.6 Tb/s per GPU | G2: 1x OSFP 800GbE / XDR 800Gb/s (C9180); 2x QSFP112 2x400GbE / 400Gb/s IB (C9240); 2x QSFP112 400GbE (C9220); 2x QSFP112 200GbE (C9210) | H2: ConnectX-9 SuperNIC, up to 1.6 Tb/s per GPU: Spectrum-X Ethernet, AI fabrics | I2: https://networking-docs.nvidia.com/connectx9hw
A3: ConnectX-8 SuperNIC | B3: — | C3: documented | D3: — | E3: 900-9X81E-00EX-ST0, 900-9X81Q-00CN-ST0, 900-9X81Q-00CV-ST0, 900-9X81E-00EX-DT0, 900-9X81E-00EX-SL0 | F3: up to 800 Gb/s total network bandwidth | G3: 1x OSFP XDR 800Gb/s / 2x400GbE (C8180); 2x QSFP112 400GbE / 400Gb/s IB (C8240); 2x QSFP112 up to 400Gb/s aggregate (C8220); 1x OSFP XDR 800Gb/s / 2x400GbE (C8180L Partner Cooled) | H3: ConnectX-8 SuperNIC, up to 800 Gb/s total network bandwidth: PCIe Gen6, Spectrum-X Ethernet, AI compute fabrics | I3: https://networking-docs.nvidia.com/connectx8hw
A4: BlueField-3 SuperNIC | B4: — | C4: documented | D4: — | E4: 900-9D3B4-00CC-EA0, 900-9D3B4-00CV-EA0, 900-9D3B4-00EN-EA0, 900-9D3B4-00PN-EA0, 900-9D3B4-00SC-EA0, 900-9D3B4-00SV-EA0, 900-9D3D4-00EN-HA0, 900-9D3D4-00NN-HA0 | F4: up to 400 Gb/s | G4: QSFP112 up to 400 Gb/s; QSFP56 up to 400 Gb/s; QSFP28 up to 400 Gb/s | H4: BlueField-3 SuperNIC, up to 400 Gb/s: Spectrum-X Ethernet, secure cloud multi-tenancy, deterministic isolated performance | I4: https://networking-docs.nvidia.com/bf3dpu

Sheet Network adapters
A1: Model | B1: Family | C1: Status | D1: Legacy OPN | E1: NVIDIA OPN | F1: Speed | G1: Interface | H1: Cages / interfaces | I1: Link
A2: C9180 | B2: ConnectX-9 | C2: MP | D2: — | E2: 900-9X91E-00EB-ST0, 900-9X91E-00EB-DT0, 900-9X91E-00QB-ST0 | F2: 800GbE / XDR 800Gb/s | G2: single-cage OSFP | H2: 1x OSFP 800GbE / XDR 800Gb/s (C9180) | I2: https://networking-docs.nvidia.com/connectx9hw
A3: C9240 | B3: ConnectX-9 | C3: MP | D3: — | E3: 900-9X91Q-00CN-ST0, 900-9X91Q-00RN-ST0 | F3: 2x400GbE / 400Gb/s IB | G3: dual QSFP112 | H3: 2x QSFP112 2x400GbE / 400Gb/s IB (C9240) | I3: https://networking-docs.nvidia.com/connectx9hw
A4: C8180 | B4: ConnectX-8 | C4: MP | D4: — | E4: 900-9X81E-00EX-ST0, 900-9X81E-00EX-DT0 | F4: XDR 800Gb/s / 2x400GbE | G4: single-cage OSFP | H4: 1x OSFP XDR 800Gb/s / 2x400GbE (C8180) | I4: https://networking-docs.nvidia.com/connectx8hw
A5: C8240 | B5: ConnectX-8 | C5: active | D5: — | E5: 900-9X81Q-00CN-ST0 | F5: 400GbE / 400Gb/s IB | G5: dual QSFP112 | H5: 2x QSFP112 400GbE / 400Gb/s IB (C8240) | I5: https://networking-docs.nvidia.com/connectx8hw
A6: C8220 | B6: ConnectX-8 | C6: prototype | D6: — | E6: 900-9X81Q-00CV-ST0 | F6: up to 400Gb/s aggregate | G6: dual QSFP112 | H6: 2x QSFP112 up to 400Gb/s aggregate (C8220) | I6: https://networking-docs.nvidia.com/connectx8hw
A7: ConnectX-7 | B7: ConnectX-7 | C7: documented | D7: MCX713104AC-ADAT, MCX713104AS-ADAT, MCX713105AS-WEAT, MCX713106AC-CEAT, MCX713106AC-VEAT, MCX713106AS-CEAT, MCX713106AS-VEAT, MCX713114GC-GEAT, MCX713114TC-GEAT, MCX715105AS-WEAT, MCX75310AAC-NEAT, MCX75310AAS-HEAT, MCX75310AAS-NEAT, MCX755106AC-HEAT, MCX755106AS-HEAT, MCX75510AAS-HEAT, MCX75510AAS-NEAT | E7: 900-9X721-003N-DT0, 900-9X721-003N-DT1, 900-9X766-003N-SQ0, 900-9X766-003N-SR0, 900-9X766-003N-ST0, 900-9X7AH-0039-ST1, 900-9X7AH-0039-STZ, 900-9X7AH-004N-CT0, 900-9X7AH-004N-GT0, 900-9X7AH-0076-ST0, 900-9X7AH-0078-DTZ, 900-9X7AH-0078-ST0, 900-9X7AH-0079-DTZ, 900-9X7AH-0086-SQ0, 900-9X7AH-0088-ST0, 900-9X7AO-0003-ST0, 900-9X7AO-00C3-STZ | F7: up to 400Gb/s IB/Ethernet | G7: OSFP / QSFP112 by SKU | H7: OSFP up to 400Gb/s IB/Ethernet (ConnectX-7); QSFP112 up to 400Gb/s IB/Ethernet (ConnectX-7) | I7: https://networking-docs.nvidia.com/connectx7hw
A8: ConnectX-6 | B8: ConnectX-6 | C8: documented | D8: — | E8: — | F8: up to 200Gb/s IB/Ethernet | G8: QSFP56 / QSFP28 by SKU | H8: QSFP56 up to 200Gb/s IB/Ethernet (ConnectX-6); QSFP28 up to 200Gb/s IB/Ethernet (ConnectX-6) | I8: https://networking-docs.nvidia.com/adapters
A9: ConnectX-6 Dx | B9: ConnectX-6 Dx | C9: documented | D9: — | E9: — | F9: up to 200GbE | G9: QSFP56 / QSFP28 / SFP56 by SKU | H9: QSFP56 up to 200GbE (ConnectX-6 Dx); QSFP28 up to 200GbE (ConnectX-6 Dx); SFP56 up to 200GbE (ConnectX-6 Dx) | I9: https://networking-docs.nvidia.com/adapters
A10: ConnectX-6 Lx | B10: ConnectX-6 Lx | C10: documented | D10: — | E10: — | F10: up to 50GbE | G10: SFP56 / SFP28 by SKU | H10: SFP56 up to 50GbE (ConnectX-6 Lx); SFP28 up to 50GbE (ConnectX-6 Lx) | I10: https://networking-docs.nvidia.com/adapters

Sheet UFM appliances
A1: Model | B1: Family | C1: Status | D1: Legacy OPN | E1: NVIDIA OPN | F1: Network interface | G1: Description | H1: Link
A2: UFM XDR Appliance | B2: UFM Enterprise Gen 3.5 | C2: documented | D2: — | E2: — | F2: XDR InfiniBand | G2: UFM Enterprise Gen 3.5 UFM appliance, XDR InfiniBand | H2: https://networking-docs.nvidia.com/software/management-software/ufm-appliances
A3: MUA970D | B3: UFM XDR-DC Gen 3.5 | C3: active | D3: MUA9702H-2SFS-DC | E3: 920-9B020-10RI-0D0 | F3: ConnectX-8 400Gb/s InfiniBand | G3: UFM XDR-DC Gen 3.5 UFM appliance, ConnectX-8 400Gb/s InfiniBand | H3: https://networking-docs.nvidia.com/ufmenterprisexdrdchw/
A4: MUA9652H-2SF | B4: UFM Cyber-AI 4.0 | C4: documented | D4: MUA9652H-2SF | E4: 920-9B020-00FH-0D0 | F4: 2x ConnectX-6 HDR 200Gb/s InfiniBand | G4: UFM Cyber-AI 4.0 UFM appliance, 2x ConnectX-6 HDR 200Gb/s InfiniBand | H4: https://networking-docs.nvidia.com/ufm40cyberaiapphw
A5: MUA960 | B5: UFM Enterprise Gen 3.0 HDR | C5: documented | D5: MUA9602H-2SR | E5: 920-9B020-00FA-0D3 | F5: HDR InfiniBand | G5: UFM Enterprise Gen 3.0 HDR UFM appliance, HDR InfiniBand | H5: https://networking-docs.nvidia.com/ufmenterprisehdrhwum
A6: MUA960B | B6: UFM Enterprise Gen 3.0 NDR | C6: documented | D6: MUA9602H-2SRS | E6: 920-9B020-00RA-0D0 | F6: NDR InfiniBand | G6: UFM Enterprise Gen 3.0 NDR UFM appliance, NDR InfiniBand | H6: https://networking-docs.nvidia.com/ufmenterprisendrhwum
A7: MUA950 | B7: UFM-SDN 2.5 | C7: documented | D7: MUA9502H-2SF / MUA9502H-2SF-40K | E7: 920-9B020-00FA-0D5, 920-9B020-09FA-0D0 | F7: InfiniBand | G7: UFM-SDN 2.5 UFM appliance, InfiniBand | H7: https://networking-docs.nvidia.com/ufmsdn25apphw
A8: MUA975 | B8: UFM Cyber-AI Gen 4.5 | C8: documented | D8: MUA9752H-2SFS-AC | E8: 920-9B020-00RI-0D5 | F8: 2x ConnectX-8 single-port 400Gb/s InfiniBand | G8: UFM Cyber-AI Gen 4.5 UFM appliance, 2x ConnectX-8 single-port 400Gb/s InfiniBand | H8: https://networking-docs.nvidia.com/ufm45cyberaiapphw

Sheet Legacy network adapters
